STATION,LATITUDE,LONGITUDE,ELEVATION,NAME,PRCP,TMIN,TMAX,PRCP_ATTRIBUTES,TMIN_ATTRIBUTES,TMAX_ATTRIBUTES
CA001011500,48.9333,-123.75,75.0,"CHEMAINUS, BC CA",0,160,230,",,C",",,C",",,C"
CA001012710,48.4333,-123.4333,3.0,"ESQUIMALT HARBOUR, BC CA",0,146,206,",,C",",,C",",,C"
CA001014820,48.5667,-123.5333,366.0,"MALAHAT, BC CA",0,137,213,",,C",",,C",",,C"
CA001015105,48.3667,-123.5667,140.0,"METCHOSIN, BC CA",10,,,",,C",,
CA001015630,48.8167,-123.7167,47.0,"NORTH COWICHAN, BC CA",0,157,241,",,C",",,C",",,C"
CA001015638,48.7667,-123.2833,98.0,"NORTH PENDER ISLAND, BC CA",0,,235,",,C",,",,C"
CA001017099,48.7833,-123.1333,178.0,"SATURNA CAPMON CS, BC CA",0,139,223,",,C",",,C",",,C"
CA001017101,48.7833,-123.05,24.0,"SATURNA ISLAND CS, BC CA",0,145,209,",,C",",,C",",,C"
CA001017230,48.65,-123.6333,138.0,"SHAWNIGAN LAKE, BC CA",0,150,235,",,C",",,C",",,C"
CA001017254,48.3833,-123.9167,22.0,"SHERINGHAM POINT, BC CA",0,121,173,",,C",",,C",",,C"
CA001018598,48.45,-123.3,60.0,"VICTORIA UNIVERSITY CS, BC CA",0,152,251,",,C",",,C",",,C"
CA001018611,48.0333,-123.3333,70.0,"VICTORIA GONZALES CS, BC CA",0,132,227,",,C",",,C",",,C"
CA001020590,49.35,-124.1667,13.0,"BALLENAS ISLAND, BC CA",0,168,206,",,C",",,C",",,C"
CA001021261,49.95,-125.2667,109.0,"CAMPBELL RIVER A, BC CA",0,135,230,",,C",",,C",",,C"
CA001021330,50.0,-125.2,5.0,"CAPE MUDGE, BC CA",0,140,220,",,C",",,C",",,C"
CA001021480,50.3333,-125.45,23.0,"CHATHAM POINT, BC CA",0,140,220,",,C",",,C",",,C"
CA001021830,49.7167,-124.9,26.0,"COMOX A, BC CA",0,163,231,"T,,C",",,C",",,C"
CA001022689,49.2167,-123.8,5.0,"ENTRANCE ISLAND CS, BC CA",0,160,206,",,C",",,C",",,C"
CA001022795,50.45,-126.0,8.0,"FANNY ISLAND, BC CA",0,118,176,",,C",",,C",",,C"
CA001026562,49.3333,-124.4,58.0,"QUALICUM BEACH AIRPORT, BC CA",0,165,231,",,C",",,C",",,C"
CA001026565,49.4,-124.6167,8.0,"QUALICUM R FISH RESEARCH, BC CA",0,170,250,",,C",",,C",",,C"
CA001026639,50.0167,-125.3,46.0,"QUINSAM RIVER HATCHERY, BC CA",0,140,245,",,C",",,C",",,C"
CA00102BFHH,49.2167,-123.8167,5.0,"ENTRANCE ISLAND, BC CA",0,160,205,",,C",",,C",",,C"
CA001030230,49.3333,-124.9833,74.0,"ALBERNI ROBERTSON CREEK, BC CA",0,145,240,",,C",",,C",",,C"
CA001031316,48.7833,-125.2167,26.0,"CAPE BEALE LIGHT, BC CA",0,130,190,",,C",",,C",",,C"
CA001031353,50.7833,-128.4333,72.0,"CAPE SCOTT, BC CA",42,142,190,",,C",",,C",",,C"
CA001032730,49.3833,-126.55,7.0,"ESTEVAN POINT, BC CA",4,145,210,",,C",",,C",",,C"
CA001032731,49.3833,-126.55,7.0,"ESTEVAN POINT CS, BC CA",2,142,203,",,C",",,C",",,C"
CA001034600,49.1167,-125.9167,11.0,"LENNARD ISLAND, BC CA",0,135,190,",,C",",,C",",,C"
CA001035612,48.8667,-124.65,15.0,"NITINAT RIVER HATCHERY, BC CA",0,105,205,",,C",",,C",",,C"
CA001035614,49.6,-126.6167,16.0,"NOOTKA LIGHTSTATION, BC CA",4,135,195,",,C",",,C",",,C"
CA001035940,48.7167,-125.1,37.0,"PACHENA POINT, BC CA",0,135,195,",,C",",,C",",,C"
CA001036570,50.5333,-127.65,3.0,"QUATSINO, BC CA",6,145,195,",,C",",,C",",,C"
CA001036572,50.4333,-128.0333,21.0,"QUATSINO LIGHTSTATION, BC CA",42,150,185,",,C",",,C",",,C"
CA001036B06,49.3167,-124.9333,76.0,"PORT ALBERNI AUT, BC CA",0,145,227,",,C",",,C",",,C"
CA001037553,50.1167,-127.9333,99.0,"SOLANDER ISLAND AUT, BC CA",26,145,167,",,C",",,C",",,C"
CA001038332,48.95,-125.5333,30.0,"UCLUELET KENNEDY CAMP, BC CA",0,140,210,",,C",",,C",",,C"
CA001039035,50.05,-126.7833,103.0,"ZEBALLOS MURAUDE CREEK, BC CA",0,145,180,"T,,C",",,C",",,C"
CA001043152,49.3833,-123.5333,34.0,"GIBSONS GOWER POINT, BC CA",0,170,215,",,C",",,C",",,C"
CA001045100,49.4667,-123.9167,6.0,"MERRY ISLAND LIGHTSTATION, BC CA",0,175,220,",,C",",,C",",,C"
CA0010459NN,49.4833,-123.3,5.0,"HOWE SOUND PAM ROCKS, BC CA",0,177,215,",,C",",,C",",,C"
CA001046332,49.5333,-123.5,123.0,"PORT MELLON, BC CA",0,151,211,",,C",",,C",",,C"
CA001046391,49.8333,-124.5,130.0,"POWELL RIVER A, BC CA",0,145,235,",,C",",,C",",,C"
CA001046392,49.8333,-124.5,125.0,"POWELL RIVER, BC CA",0,144,225,",,C",",,C",",,C"
CA001047172,49.45,-123.7167,86.0,"SECHELT AUT, BC CA",0,149,215,",,C",",,C",",,C"
CA0010476F0,49.7833,-123.1667,52.0,"SQUAMISH AUT0, BC CA",0,157,230,",,C",",,C",",,C"
CA001051351,51.9333,-131.0167,88.0,"CAPE ST JAMES CS, BC CA",7,127,172,",,C",",,C",",,C"
CA001054500,54.25,-133.05,43.0,"LANGARA, BC CA",42,130,150,",,C",",,C",",,C"
CA001054503,54.25,-133.0667,44.0,"LANGARA ISLAND RCS, BC CA",14,133,161,",,C",",,C",",,C"
CA001056869,54.1667,-131.6667,7.0,"ROSE SPIT AUT, BC CA",0,136,194,",,C",",,C",",,C"
CA001057052,53.25,-131.8167,6.0,"SANDSPIT, BC CA",2,141,182,",,C",",,C",",,C"
CA001060080,51.6,-127.8667,21.0,"ADDENBROKE ISLAND, BC CA",28,145,195,",,C",",,C",",,C"
CA001060815,52.1833,-128.15,43.0,"BELLA BELLA, BC CA",69,141,189,",,C",",,C",",,C"
CA001060901,52.65,-128.5167,11.0,"BOAT BLUFF, BC CA",56,140,165,",,C",",,C",",,C"
CA001060902,53.5,-130.6333,16.0,"BONILLA ISLAND, BC CA",12,140,175,",,C",",,C",",,C"
CA001061458,52.1833,-127.4667,26.0,"CATHEDRAL POINT AUT, BC CA",20,141,185,",,C",",,C",",,C"
CA001062251,53.0333,-131.6,13.0,"CUMSHEWA ISLAND, BC CA",0,144,192,",,C",",,C",",,C"
CA001062544,52.1833,-128.1167,4.0,"DRYAD POINT, BC CA",124,145,200,",,C",",,C",",,C"
CA001063303,54.5833,-130.7,10.0,"GREY ISLET AUT, BC CA",40,126,154,",,C",",,C",",,C"
CA001063461,50.9333,-127.6333,14.0,"HERBERT ISLAND AUT, BC CA",8,113,195,",,C",",,C",",,C"
CA001063496,54.1667,-130.3667,9.0,"HOLLAND ROCK, BC CA",4,128,159,",,C",",,C",",,C"
CA001064020,53.5667,-127.95,87.0,"KEMANO, BC CA",64,,180,",,C",,",,C"
CA001065010,52.2667,-128.7167,26.0,"MCINNES ISLAND, BC CA",36,145,180,",,C",",,C",",,C"
CA001066482,54.2833,-130.45,35.0,"PRINCE RUPERT, BC CA",23,134,191,",,C",",,C",",,C"
CA001066488,54.3167,-130.2833,60.0,"PRINCE RUPERT MONT CIRC, BC CA",62,,,",,C",,
CA001068131,54.5,-128.6167,58.0,"TERRACE PCC, BC CA",34,145,195,",,C",",,C",",,C"
CA001068134,54.4667,-128.5833,217.0,"TERRACE A, BC CA",8,,,",,C",,
CA001068250,54.3,-130.8833,21.0,"TRIPLE ISLAND, BC CA",4,135,165,",,C",",,C",",,C"
CA00106D289,54.05,-128.6833,11.0,"KITIMAT HATCHERY, BC CA",50,145,185,",,C",",,C",",,C"
CA001073615,54.4,-126.6667,610.0,"HOUSTON, BC CA",42,60,220,",,C",",,C",",,C"
CA001077499,54.8333,-127.1833,523.0,"SMITHERS, BC CA",0,101,211,",,C",",,C",",,C"
CA00107G879,55.2833,-127.1667,534.0,"SUSKWA VALLEY, BC CA",24,110,220,",,C",",,C",",,C"
CA001085836,53.7667,-126.0,861.0,"OOTSA LAKESKINS LAKE CLIMATE, BC CA",0,93,191,",,C",",,C",",,C"
CA001086082,50.3,-122.7333,204.0,"PEMBERTON AIRPORT CS, BC CA",0,141,255,",,C",",,C",",,C"
CA001086558,52.1167,-124.1333,910.0,"PUNTZI MOUNTAIN AUT, BC CA",0,88,227,",,C",",,C",",,C"
CA001088015,51.6667,-124.4,875.0,"TATLAYOKO LAKE RCS, BC CA",2,70,236,",,C",",,C",",,C"
CA001090660,53.0667,-121.5167,1283.0,"BARKERVILLE, BC CA",4,75,165,",,C",",,C",",,C"
CA001091174,54.3833,-125.9667,713.0,"BURNS LAKE DECKER LAKE, BC CA",0,32,207,",,C",",,C",",,C"
CA001096439,53.8833,-122.6833,691.0,"PRINCE GEORGE, BC CA",0,118,230,",,C",",,C",",,C"
CA001096453,53.8833,-122.6667,680.0,"PRINCE GEORGE AIRPORT AUTO, BC CA",0,118,230,",,C",",,C",",,C"
CA001096629,53.0333,-122.5167,545.0,"QUESNEL, BC CA",4,92,227,",,C",",,C",",,C"
CA001096631,53.0333,-122.5,545.0,"QUESNEL AIRPORT AUTO, BC CA",3,95,225,",,C",",,C",",,C"
CA001097646,52.1833,-121.6833,1040.0,"SPOKIN LAKE 4 E, BC CA",6,75,190,",,C",",,C",",,C"
CA001098941,52.1833,-122.05,940.0,"WILLIAMS LAKE A, BC CA",0,106,208,",,C",",,C",",,C"
CA001100031,49.0333,-122.3667,59.0,"ABBOTSFORD A, BC CA",6,150,237,",,C",",,C",",,C"
CA001100119,49.25,-121.7667,19.0,"AGASSIZ CS, BC CA",0,157,244,",,C",",,C",",,C"
CA001100120,49.25,-121.7667,15.0,"AGASSIZ CDA, BC CA",0,,245,",,C",,",,C"
CA001100875,50.1333,-122.95,659.0,"WHISTLER NESTERS, BC CA",0,132,196,",,C",",,C",",,C"
CA001101300,50.15,-123.1167,884.0,"CALLAGHAN VALLEY, BC CA",4,117,172,",,C",",,C",",,C"
CA001102415,49.1333,-123.0,3.0,"DELTA BURNS BOG, BC CA",3,133,247,",,C",",,C",",,C"
CA001102425,49.0167,-123.1,2.0,"DELTA TSAWWASSEN BEACH, BC CA",0,160,230,",,C",",,C",",,C"
CA001102912,49.15,-122.55,76.0,"FORT LANGLEY TELEGRAPH TRAIL, BC CA",10,155,240,",,C",",,C",",,C"
CA001103332,49.2667,-122.5667,147.0,"HANEY UBC RF ADMIN, BC CA",6,,230,",,C",,",,C"
CA001105192,49.15,-122.2667,221.0,"MISSION WEST ABBEY, BC CA",12,140,220,",,C",",,C",",,C"
CA001106178,49.2,-122.6833,5.0,"PITT MEADOWS CS, BC CA",0,152,246,",,C",",,C",",,C"
CA001106200,49.3333,-123.2667,35.0,"POINT ATKINSON, BC CA",3,162,215,",,C",",,C",",,C"
CA001106764,49.1833,-123.0833,2.0,"RICHMOND DALLYN 2, BC CA",0,,,",,C",,
CA001106CL2,49.2833,-122.8833,130.0,"PORT MOODY GLENAYRE, BC CA",0,140,235,",,C",",,C",",,C"
CA001106PF7,49.1667,-123.1,3.0,"RICHMOND NATURE PARK, BC CA",0,140,260,",,C",",,C",",,C"
CA001108380,49.1833,-123.1833,2.0,"VANCOUVER SEA ISLAND CCG, BC CA",22,147,235,",,C",",,C",",,C"
CA001108395,49.2,-123.1833,4.0,"VANCOUVER INTERNATIONAL A, BC CA",24,146,225,",,C",",,C",",,C"
CA001108446,49.3,-123.1167,3.0,"VANCOUVER HARBOUR CS, BC CA",0,156,235,",,C",",,C",",,C"
CA001108824,49.35,-123.2,170.0,"WEST VANCOUVER AUT, BC CA",0,147,229,",,C",",,C",",,C"
CA001108906,50.0667,-122.95,1835.0,"WHISTLER ROUNDHOUSE, BC CA",0,65,120,",,C",",,C",",,C"
CA001108910,49.0167,-122.7833,13.0,"WHITE ROCK CAMPBELL SCIENTIFIC, BC CA",2,158,220,",,C",",,C",",,C"
CA001113542,49.3667,-121.5,39.0,"HOPE, BC CA",0,168,244,",,C",",,C",",,C"
CA001113543,49.3667,-121.5,39.0,"HOPE AIRPORT, BC CA",4,168,239,",,C",",,C",",,C"
CA001113581,49.2833,-121.2333,688.0,"HOPE SLIDE, BC CA",0,130,185,",,C",",,C",",,C"
CA001114619,50.6833,-121.9333,254.0,"LILLOOET, BC CA",0,175,290,",,C",",,C",",,C"
CA001114746,50.2167,-121.5833,225.0,"LYTTON RCS, BC CA",0,187,270,",,C",",,C",",,C"
CA001123721,49.6667,-120.3333,929.0,"JELLICOE, BC CA",0,100,230,",,C",",,C",",,C"
CA001123939,49.95,-119.3833,433.0,"KELOWNA, BC CA",0,181,259,",,C",",,C",",,C"
CA001125073,50.1167,-120.7833,591.0,"MERRITT, BC CA",0,142,251,",,C",",,C",",,C"
CA001125852,49.0333,-119.4333,283.0,"OSOYOOS CS, BC CA",0,125,300,",,C",",,C",",,C"
CA001126070,49.7833,-119.7167,345.0,"PEACHLAND, BC CA",0,170,275,",,C",",,C",",,C"
CA001126146,49.4667,-119.6,344.0,"PENTICTON A, BC CA",0,150,269,",,C",",,C",",,C"
CA001126510,49.4667,-120.5167,702.0,"PRINCETON A, BC CA",0,125,235,",,C",",,C",",,C"
CA001128582,50.2167,-119.2,482.0,"VERNON AUTO, BC CA",0,147,252,",,C",",,C",",,C"
CA001128584,50.3667,-119.05,1586.0,"VERNON SILVER STAR LODGE, BC CA",0,90,170,",,C",",,C",",,C"
CA00112FN0M,49.4667,-120.5167,697.0,"PRINCETON CS, BC CA",0,128,239,",,C",",,C",",,C"
CA00112G8L1,49.5667,-119.65,454.0,"SUMMERLAND CS, BC CA",0,178,261,",,C",",,C",",,C"
CA001140876,49.0167,-118.2333,510.0,"BILLINGS, BC CA",0,130,280,",,C",",,C",",,C"
CA001141455,49.3,-117.6333,496.0,"CASTLEGAR A, BC CA",0,145,281,",,C",",,C",",,C"
CA001141457,49.35,-117.7667,435.0,"CASTLEGAR BCHPA DAM, BC CA",0,140,350,",,C",",,C",",,C"
CA001142574,50.2333,-116.9667,549.0,"DUNCAN LAKE DAM, BC CA",32,140,235,",,C",",,C",",,C"
CA001145297,50.2667,-117.8167,512.0,"NAKUSP CS, BC CA",0,123,262,",,C",",,C",",,C"
CA001145460,50.0,-117.3667,568.0,"NEW DENVER, BC CA",6,135,230,",,C",",,C",",,C"
CA001148705,49.1167,-117.7333,567.0,"WARFIELD RCS, BC CA",0,139,280,",,C",",,C",",,C"
CA00114B1F0,49.0833,-116.5,646.0,"CRESTON CAMPBELL SCIENTIFIC, BC CA",1,131,264,",,C",",,C",",,C"
CA00114EMDM,49.5167,-117.4,760.0,"NELSON RIXEN CREEK, BC CA",0,120,255,",,C",",,C",",,C"
CA001152105,49.6167,-115.7833,940.0,"CRANBROOK A, BC CA",2,95,250,",,C",",,C",",,C"
CA001152850,49.4833,-115.0667,1001.0,"FERNIE, BC CA",0,110,240,"T,,C",",,C",",,C"
CA001154203,49.6333,-115.9667,889.0,"KIMBERLEY PCC, BC CA",0,110,240,",,C",",,C",",,C"
CA001157631,49.75,-114.8833,1138.0,"SPARWOOD CS, BC CA",0,115,224,",,C",",,C",",,C"
CA001160515,50.7167,-121.2833,327.0,"ASHCROFT, BC CA",0,166,264,",,C",",,C",",,C"
CA001160899,52.1333,-119.2833,683.0,"BLUE RIVER A, BC CA",0,120,155,",,C",",,C",",,C"
CA001160H99,52.1333,-119.2833,683.0,"BLUE RIVER CS, BC CA",14,96,231,",,C",",,C",",,C"
CA001163842,50.7,-120.45,345.0,"KAMLOOPS AUT, BC CA",3,149,267,",,C",",,C",",,C"
CA001165793,51.6833,-121.2167,928.0,"100 MILE HOUSE 6 NE, BC CA",0,105,220,",,C",",,C",",,C"
CA001168520,51.5833,-119.7833,445.0,"VAVENBY, BC CA",2,120,250,",,C",",,C",",,C"
CA00116C8P0,50.6,-120.2,640.0,"KAMLOOPS PRATT ROAD, BC CA",0,150,230,",,C",",,C",",,C"
CA00116FRMN,50.7,-119.2833,351.0,"SALMON ARM CS, BC CA",0,139,261,",,C",",,C",",,C"
CA001173210,51.3,-116.9833,785.0,"GOLDEN A, BC CA",0,130,250,",,C",",,C",",,C"
CA001175122,52.05,-118.5833,579.0,"MICA DAM, BC CA",0,130,210,",,C",",,C",",,C"
CA001176745,50.9667,-118.1833,445.0,"REVELSTOKE, BC CA",21,121,223,",,C",",,C",",,C"
CA001181508,55.6833,-121.6333,610.0,"CHETWYND A, BC CA",0,120,240,",,C",",,C",",,C"
CA001182289,55.75,-120.1833,655.0,"DAWSON CREEK A, BC CA",0,105,234,",,C",",,C",",,C"
CA001183001,56.2333,-120.7333,695.0,"FORT ST. JOHN A, BC CA",43,112,184,",,C",",,C",",,C"
CA001184791,55.3,-123.1333,690.0,"MACKENZIE, BC CA",0,114,227,",,C",",,C",",,C"
CA001192341,58.4167,-130.0333,803.0,"DEASE LAKE, BC CA",15,95,198,",,C",",,C",",,C"
CA001192946,58.8333,-122.6,382.0,"FORT NELSON A, BC CA",200,144,183,",,C",",,C",",,C"
CA00119BLM0,58.4333,-130.0333,802.0,"DEASE LAKE AUT, BC CA",14,95,200,",,C",",,C",",,C"
CA002100181,61.3667,-139.0333,805.0,"BURWASH, YT CA",0,99,197,",,C",",,C",",,C"
CA002100301,62.1167,-136.2,543.0,"CARMACKS CS, YT CA",0,45,251,",,C",",,C",",,C"
CA002100518,62.2,-133.3833,717.0,"FARO AUT, YT CA",4,121,185,",,C",",,C",",,C"
CA002100636,69.5667,-138.9167,1.0,"HERSCHEL ISLAND, YT CA",0,107,149,",,C",",,C",",,C"
CA002100660,69.1667,-140.15,244.0,"IVVAVIK NAT. PARK, YT CA",0,89,174,",,C",",,C",",,C"
CA002100693,63.25,-130.0333,1379.0,"MACMILLAN PASS, YT CA",134,69,189,",,C",",,C",",,C"
CA002100697,68.8,-140.85,568.0,"MARGARET LAKE, YT CA",0,71,214,",,C",",,C",",,C"
CA002100805,67.5667,-139.8333,251.0,"OLD CROW RCS, YT CA",0,105,205,",,C",",,C",",,C"
CA002100840,61.0333,-137.05,830.0,"OTTER FALLS NCPC, YT CA",0,55,200,",,C",",,C",",,C"
CA002100935,66.9833,-136.2167,731.0,"ROCK RIVER, YT CA",0,130,193,",,C",",,C",",,C"
CA002100LRP,64.05,-139.1333,370.0,"DAWSON, YT CA",0,104,227,",,C",",,C",",,C"
CA002101102,60.1667,-132.7333,705.0,"TESLIN AUT, YT CA",35,58,187,",,C",",,C",",,C"
CA002101204,60.1167,-128.8167,690.0,"WATSON LAKE AUT, YT CA",193,114,170,",,C",",,C",",,C"
CA002101310,60.7333,-135.1,707.0,"WHITEHORSE AUTO, YT CA",47,66,182,",,C",",,C",",,C"
CA002201022,65.2167,-123.4333,213.0,"DELINE CS, NT CA",0,71,224,",,C",",,C",",,C"
CA0022010H0,61.25,-124.4667,283.0,"DEADMEN VALLEY, NT CA",3,129,226,",,C",",,C",",,C"
CA002201450,66.25,-128.65,82.0,"FORT GOOD HOPE CS, NT CA",0,117,258,",,C",",,C",",,C"
CA002201579,60.2333,-123.4667,213.0,"FORT LIARD, NT CA",115,151,204,",,C",",,C",",,C"
CA002202102,61.7667,-121.2333,168.0,"FORT SIMPSON CLIMATE, NT CA",5,147,220,",,C",",,C",",,C"
CA002202202,60.0333,-111.9333,203.0,"FORT SMITH CLIMATE, NT CA",0,139,185,",,C",",,C",",,C"
CA002202351,63.6,-105.1333,317.0,"HANBURY RIVER, NT CA",0,81,269,",,C",",,C",",,C"
CA002202402,60.8333,-115.7833,164.0,"HAY RIVER CLIMATE, NT CA",0,128,185,",,C",",,C",",,C"
CA002202560,61.9167,-113.7333,165.0,"INNER WHALEBACKS, NT CA",0,165,199,",,C",",,C",",,C"
CA002202578,68.3167,-133.5167,103.0,"INUVIK CLIMATE, NT CA",0,97,200,",,C",",,C",",,C"
CA002202678,63.1333,-117.25,271.0,"LAC LA MARTRE, NT CA",0,65,217,",,C",",,C",",,C"
CA002202801,65.2833,-126.8,73.0,"NORMAN WELLS, NT CA",0,89,252,",,C",",,C",",,C"
CA002202810,65.2833,-126.75,94.0,"NORMAN WELLS CLIMATE, NT CA",0,81,252,",,C",",,C",",,C"
CA002203058,69.35,-124.0833,6.0,"PAULATUK, NT CA",0,114,149,",,C",",,C",",,C"
CA002203342,61.9667,-127.2167,618.0,"RABBIT KETTLE, NT CA",0,103,237,",,C",",,C",",,C"
CA002203359,64.1167,-117.3333,223.0,"RAE LAKES, NT CA",0,110,211,",,C",",,C",",,C"
CA002203914,69.4333,-133.0167,5.0,"TUKTOYAKTUK, NT CA",0,67,157,",,C",",,C",",,C"
CA002203918,69.2,-122.3667,552.0,"TUKTUT NOGAIT, NT CA",0,88,196,",,C",",,C",",,C"
CA002204101,62.4667,-114.4333,206.0,"YELLOWKNIFE A, NT CA",0,141,212,",,C",",,C",",,C"
CA002204300,61.25,-123.75,204.0,"YOHIN, NT CA",49,125,215,",,C",",,C",",,C"
CA00220CQHR,60.4333,-121.2333,498.0,"TROUT LAKE, NT CA",0,104,207,",,C",",,C",",,C"
CA00220N005,68.75,-133.5,85.0,"TRAIL VALLEY, NT CA",0,80,178,",,C",",,C",",,C"
CA002300427,61.1,-94.0667,10.0,"ARVIAT, NU CA",114,101,220,",,C",",,C",",,C"
CA002300501,64.3167,-96.0,51.0,"BAKER LAKE CLIMATE, NU CA",13,120,237,",,C",",,C",",,C"
CA002300551,66.8333,-108.0167,5.0,"BATHURST INLET, NU CA",0,110,247,",,C",",,C",",,C"
CA002300904,67.8167,-115.1333,23.0,"KUGLUKTUK CLIMATE, NU CA",0,104,223,",,C",",,C",",,C"
CA002301102,61.1333,-100.8833,353.0,"ENNADAI LAKE AUT, NU CA",0,97,283,",,C",",,C",",,C"
CA002301153,61.1,-94.0667,10.0,"ARVIAT CLIMATE, NU CA",112,101,223,",,C",",,C",",,C"
CA002302337,68.6333,-95.85,47.0,"GJOA HAVEN, NU CA",0,109,164,",,C",",,C",",,C"
CA002302340,68.6333,-95.85,42.0,"GJOA HAVEN CLIMATE, NU CA",0,104,168,",,C",",,C",",,C"
CA002303094,68.5333,-89.8,16.0,"KUGAARUK CLIMATE, NU CA",0,71,185,",,C",",,C",",,C"
CA002303610,65.1,-102.4333,244.0,"ROBERTSON LAKE AUT, NU CA",0,98,247,",,C",",,C",",,C"
CA002400305,82.5,-62.3333,65.0,"ALERT CLIMATE, NU CA",0,7,93,",,C",",,C",",,C"
CA002400306,82.5,-62.3333,65.0,"ALERT UA, NU CA",0,,,",,C",,
CA002400404,73.0,-85.0167,10.0,"ARCTIC BAY CS, NU CA",0,49,112,",,C",",,C",",,C"
CA002400573,67.55,-64.0333,6.0,"QIKIQTARJUAQ CLIMATE, NU CA",14,-10,26,",,C",",,C",",,C"
CA002400577,67.55,-64.0333,6.0,"QIKIQTARJUAQ, NU CA",12,-11,23,",,C",",,C",",,C"
CA002400636,64.2333,-76.5333,50.0,"CAPE DORSET CLIMATE, NU CA",35,23,62,",,C",",,C",",,C"
CA002400637,64.2333,-76.5333,48.0,"CAPE DORSET, NU CA",34,24,63,",,C",",,C",",,C"
CA002400802,70.4833,-68.5167,27.0,"CLYDE RIVER CLIMATE, NU CA",0,3,57,",,C",",,C",",,C"
CA002402051,72.0167,-94.2,10.0,"FORT ROSS, NU CA",22,31,84,",,C",",,C",",,C"
CA002402332,70.6333,-100.2667,20.0,"GATESHEAD ISLAND, NU CA",0,10,87,",,C",",,C",",,C"
CA002402351,76.4167,-82.9,45.0,"GRISE FIORD CLIMATE, NU CA",0,-1,69,",,C",",,C",",,C"
CA002402353,68.7833,-81.25,8.0,"HALL BEACH CLIMATE, NU CA",0,85,129,",,C",",,C",",,C"
CA002402354,68.7833,-81.25,9.0,"HALL BEACH, NU CA",0,55,99,",,C",",,C",",,C"
CA002402592,63.75,-68.55,34.0,"IQALUIT CLIMATE, NU CA",1,29,96,",,C",",,C",",,C"
CA002403049,66.15,-65.7167,23.0,"PANGNIRTUNG, NU CA",9,59,77,",,C",",,C",",,C"
CA002403204,72.7,-77.95,65.0,"POND INLET CLIMATE, NU CA",0,32,105,",,C",",,C",",,C"
CA002403206,72.6833,-77.9667,62.0,"POND INLET, NU CA",0,36,103,",,C",",,C",",,C"
CA002403450,75.3833,-105.7167,15.0,"REA POINT, NU CA",0,16,53,",,C",",,C",",,C"
CA002403505,74.7167,-94.9833,30.0,"RESOLUTE CS, NU CA",0,23,62,",,C",",,C",",,C"
CA002403756,73.7667,-105.3,11.0,"STEFANSSON ISLAND, NU CA",0,-2,27,",,C",",,C",",,C"
CA002403833,81.1667,-91.8167,72.0,"SVARTEVAEG, NU CA",0,-1,70,",,C",",,C",",,C"
CA002403945,65.8833,-89.45,18.0,"WAGER BAY AUT, NU CA",0,99,188,",,C",",,C",",,C"
CA002500440,74.1333,-119.9833,32.0,"AULAVIK NATIONAL PARK, NT CA",0,6,49,",,C",",,C",",,C"
CA002503648,72.0,-125.25,88.0,"SACHS HARBOUR CLIMATE, NT CA",0,58,138,",,C",",,C",",,C"
CA002503886,73.2333,-119.5333,42.0,"THOMSEN RIVER, NT CA",0,45,108,",,C",",,C",",,C"
CA00250M001,76.2333,-119.35,2.0,"MOULD BAY CS, NT CA",24,3,58,",,C",",,C",",,C"
CA003010010,54.2833,-112.9667,664.0,"ABEE AGDM, AB CA",27,116,193,",,C",",,C",",,C"
CA003010060,53.1167,-111.1833,658.0,"ALBERT HALL AGCM, AB CA",36,103,217,",,C",",,C",",,C"
CA003010162,52.3167,-111.7833,737.0,"ALLIANCE AGCM, AB CA",0,101,225,",,C",",,C",",,C"
CA003010730,52.1167,-110.1,687.0,"BODO AGDM, AB CA",25,112,240,",,C",",,C",",,C"
CA003010815,53.1667,-114.4833,843.0,"BRETON, AB CA",4,,,",,C",,
CA003010816,53.0833,-114.4333,852.0,"BRETON PLOTS, AB CA",0,104,212,",,C",",,C",",,C"
CA003010979,53.9333,-113.9167,714.0,"BUSBY AGCM, AB CA",9,101,205,",,C",",,C",",,C"
CA003010992,52.3333,-110.5167,690.0,"CADOGAN AGCM, AB CA",12,121,235,",,C",",,C",",,C"
CA003011240,53.0333,-112.8167,739.0,"CAMROSE, AB CA",18,85,212,",,C",",,C",",,C"
CA003011815,51.9333,-110.7167,772.0,"CONSORT AGDM, AB CA",4,109,230,",,C",",,C",",,C"
CA003011887,52.0667,-111.45,791.0,"CORONATION CLIMATE, AB CA",0,93,229,",,C",",,C",",,C"
CA003011892,52.7333,-113.9,855.0,"CRESTOMERE AGCM, AB CA",0,116,221,",,C",",,C",",,C"
CA003011953,52.75,-113.95,865.0,"DAKOTA WEST, AB CA",25,120,225,",,C",",,C",",,C"
CA003012050,52.1833,-113.1833,889.0,"DELBURNE AGCM, AB CA",84,103,209,",,C",",,C",",,C"
CA003012073,53.6667,-110.5833,616.0,"DEWBERRY AGCM, AB CA",95,122,225,",,C",",,C",",,C"
CA003012192,52.7833,-110.4333,649.0,"EDGERTON AGCM, AB CA",19,124,236,",,C",",,C",",,C"
CA003012206,53.3,-113.6,715.0,"EDMONTON INTERNATIONAL CS, AB CA",10,81,211,",,C",",,C",",,C"
CA003012216,53.3167,-113.5833,723.0,"EDMONTON INTERNATIONAL A, AB CA",11,85,211,",,C",",,C",",,C"
CA00301222F,53.55,-114.1167,766.0,"EDMONTON STONY PLAIN, AB CA",2,115,210,",,C",",,C",",,C"
CA003012275,53.6833,-112.8667,716.0,"ELK ISLAND NAT PARK, AB CA",4,105,200,",,C",",,C",",,C"
CA003012515,52.9667,-111.0,698.0,"FABYAN, AB CA",20,100,220,",,C",",,C",",,C"
CA003012590,52.75,-112.85,795.0,"FERINTOSH AGCM, AB CA",0,74,214,",,C",",,C",",,C"
CA003012653,52.55,-112.1167,721.0,"FORESTBURG AGCM, AB CA",0,96,222,",,C",",,C",",,C"
CA003012790,53.0667,-110.6167,647.0,"GILT EDGE NORTH AGCM, AB CA",11,117,223,",,C",",,C",",,C"
CA003012999,52.1167,-112.1667,843.0,"HALKIRK AGCM, AB CA",9,95,221,",,C",",,C",",,C"
CA003013140,51.7833,-111.2167,780.0,"HEMARUKA AGCM, AB CA",7,91,228,",,C",",,C",",,C"
CA003013340,53.1833,-112.25,688.0,"HOLDEN AGDM, AB CA",24,94,213,",,C",",,C",",,C"
CA003013362,52.5833,-110.7833,703.0,"HUGHENDEN AGCM, AB CA",11,119,232,",,C",",,C",",,C"
CA003013644,52.2833,-111.1167,720.0,"KESSLER AGCM, AB CA",0,119,228,",,C",",,C",",,C"
CA003013660,53.35,-110.4167,664.0,"KITSCOTY AGCM, AB CA",176,119,220,",,C",",,C",",,C"
CA003013790,54.0,-113.4667,680.0,"LEGAL AGCM, AB CA",4,110,203,",,C",",,C",",,C"
CA003013921,53.95,-110.5833,630.0,"LINDBERGH AGDM, AB CA",56,155,216,",,C",",,C",",,C"
CA003013959,53.3167,-110.0667,669.0,"LLOYDMINSTER, AB CA",107,121,231,",,C",",,C",",,C"
CA003013961,53.3167,-110.0667,668.0,"LLOYDMINSTER A, AB CA",62,130,230,",,C",",,C",",,C"
CA003014195,53.45,-111.25,656.0,"MANNVILLE AGCM, AB CA",32,111,221,",,C",",,C",",,C"
CA003014921,53.65,-113.35,665.0,"OLIVER AGDM, AB CA",6,98,213,",,C",",,C",",,C"
CA003015480,52.5833,-110.35,644.0,"RIBSTONE SOUTH AGCM, AB CA",20,125,236,",,C",",,C",",,C"
CA003015501,53.0167,-110.1,669.0,"RIVERCOURSE AGCM, AB CA",13,119,223,",,C",",,C",",,C"
CA003015523,52.4167,-114.9167,988.0,"ROCKY MOUNTAIN HOUSE AUT, AB CA",16,80,221,",,C",",,C",",,C"
CA003015600,52.7833,-112.4333,712.0,"ROSALIND AGCM, AB CA",0,95,225,",,C",",,C",",,C"
CA003015673,54.2833,-111.45,619.0,"ST. LINA AGCM, AB CA",78,122,205,",,C",",,C",",,C"
CA003015676,54.0167,-111.2667,649.0,"ST. PAUL AGCM, AB CA",43,120,207,",,C",",,C",",,C"
CA003015797,51.5833,-110.75,755.0,"SEDALIA AGCM, AB CA",14,100,228,",,C",",,C",",,C"
CA003015900,53.3333,-112.5333,679.0,"SHONTS AGCM, AB CA",4,95,216,",,C",",,C",",,C"
CA003016022,54.2833,-112.5,680.0,"SMOKY LAKE AGDM, AB CA",38,125,185,",,C",",,C",",,C"
CA003016070,51.8167,-111.6833,804.0,"SPONDIN AGCM, AB CA",11,100,222,",,C",",,C",",,C"
CA003016124,52.35,-112.6,795.0,"STETTLER AGDM, AB CA",19,106,222,",,C",",,C",",,C"
CA003016441,53.2167,-113.9,754.0,"THORSBY AGCM, AB CA",0,99,208,",,C",",,C",",,C"
CA003016505,53.4333,-114.7167,814.0,"TOMAHAWK AGDM, AB CA",0,93,214,",,C",",,C",",,C"
CA003016593,53.6667,-110.0833,596.0,"TULLIBY LAKE AGCM, AB CA",118,121,228,",,C",",,C",",,C"
CA003016655,53.6333,-111.6833,678.0,"TWO HILLS AGDM, AB CA",21,117,212,",,C",",,C",",,C"
CA003016802,53.35,-110.8833,623.0,"VERMILION AGDM, AB CA",30,106,220,",,C",",,C",",,C"
CA003016841,53.1833,-111.7333,711.0,"VIKING AGCM, AB CA",7,88,217,",,C",",,C",",,C"
CA003016852,54.1333,-111.9167,645.0,"VILNA AGCM, AB CA",144,123,201,",,C",",,C",",,C"
CA003016GF0,53.5,-112.1,639.0,"VEGREVILLE, AB CA",82,107,212,",,C",",,C",",,C"
CA003017282,52.9833,-113.45,774.0,"WETASKIWIN AGCM, AB CA",0,86,214,",,C",",,C",",,C"
CA00301A001,53.55,-114.1167,766.0,"EDMONTON STONY PLAIN CS, AB CA",0,106,208,",,C",",,C",",,C"
CA00301B460,51.6667,-110.2,707.0,"ESTHER 1, AB CA",4,112,243,",,C",",,C",",,C"
CA00301S001,52.8333,-111.1,686.0,"WAINWRIGHT CFB AIRFIELD 21, AB CA",13,113,230,",,C",",,C",",,C"
CA003020035,51.0667,-110.3167,735.0,"ACADIA VALLEY, AB CA",5,124,234,",,C",",,C",",,C"
CA003020405,50.8167,-111.0,795.0,"ATLEE AGCM, AB CA",22,123,231,",,C",",,C",",,C"
CA003020610,51.3833,-113.35,896.0,"BEISEKER AGCM, AB CA",21,60,231,",,C",",,C",",,C"
CA003020679,52.0,-112.8,870.0,"BIG VALLEY AGCM, AB CA",58,107,210,",,C",",,C",",,C"
CA003021912,51.7833,-112.25,845.0,"CRAIGMYLE AGCM, AB CA",15,95,224,",,C",",,C",",,C"
CA0030221LG,51.45,-112.6833,678.0,"DRUMHELLER EAST, AB CA",17,109,236,",,C",",,C",",,C"
CA003023200,52.3167,-114.4833,965.0,"HESPERO AGCM, AB CA",217,90,208,",,C",",,C",",,C"
CA003023402,51.1833,-112.5,971.0,"HUSSAR AGDM, AB CA",19,103,216,",,C",",,C",",,C"
CA003023722,52.45,-113.75,860.0,"LACOMBE CDA 2, AB CA",37,76,214,",,C",",,C",",,C"
CA003023740,52.55,-114.4667,947.0,"LEEDALE AGDM, AB CA",45,81,209,",,C",",,C",",,C"
CA003023850,51.6167,-113.65,914.0,"LINDEN AGCM, AB CA",21,68,202,",,C",",,C",",,C"
CA003024668,51.6667,-112.6833,836.0,"MORRIN AGDM, AB CA",26,90,217,",,C",",,C",",,C"
CA003024925,51.7667,-114.0833,1046.0,"OLDS AGDM, AB CA",44,93,200,",,C",",,C",",,C"
CA003024965,51.3833,-110.35,767.0,"OYEN AGDM, AB CA",10,119,234,",,C",",,C",",,C"
CA003025243,51.1333,-111.7,750.0,"POLLOCKVILLE AGDM, AB CA",16,104,240,",,C",",,C",",,C"
CA003025768,50.3,-110.0833,800.0,"SCHULER AGDM, AB CA",63,125,224,",,C",",,C",",,C"
CA003026479,51.7667,-113.2,857.0,"THREE HILLS, AB CA",34,85,214,",,C",",,C",",,C"
CA003026KNQ,51.7833,-114.6833,1114.0,"SUNDRE A, AB CA",20,81,205,",,C",",,C",",,C"
CA003030450,50.5167,-114.0167,1143.0,"AZURE, AB CA",8,87,243,",,C",",,C",",,C"
CA003030525,49.8,-112.3,824.0,"BARNWELL AGDM, AB CA",29,98,272,",,C",",,C",",,C"
CA003030529,50.0333,-113.2167,967.0,"BARONS AGCM, AB CA",4,81,257,",,C",",,C",",,C"
CA003030540,50.9,-112.4667,807.0,"BASSANO AGCM, AB CA",82,103,248,",,C",",,C",",,C"
CA003030680,50.7,-114.15,1156.0,"BLACK DIAMOND, AB CA",7,66,240,",,C",",,C",",,C"
CA003030720,49.5667,-113.05,980.0,"BLOOD TRIBE AGDM, AB CA",0,88,267,",,C",",,C",",,C"
CA003030768,49.7333,-111.45,817.0,"BOW ISLAND, AB CA",46,113,264,",,C",",,C",",,C"
CA003030830,49.6167,-113.8167,1073.0,"BROCKET AGDM, AB CA",0,96,253,",,C",",,C",",,C"
CA003030QLP,50.55,-111.85,747.0,"BROOKS, AB CA",0,126,247,",,C",",,C",",,C"
CA003031092,51.1167,-114.0167,1084.0,"CALGARY INTERNATIONAL A, AB CA",2,111,245,",,C",",,C",",,C"
CA003031094,51.1167,-114.0167,1081.0,"CALGARY INTERNATIONAL CS, AB CA",0,98,248,",,C",",,C",",,C"
CA003031322,49.2,-113.2833,1136.0,"CARDSTON, AB CA",0,131,244,",,C",",,C",",,C"
CA003031402,49.0,-113.3833,1354.0,"CARWAY, AB CA",2,96,224,",,C",",,C",",,C"
CA003031480,50.2833,-113.35,1006.0,"CHAMPION AGDM, AB CA",0,57,257,",,C",",,C",",,C"
CA003031640,50.0,-113.6333,1009.0,"CLARESHOLM, AB CA",0,95,263,",,C",",,C",",,C"
CA003031875,51.0833,-114.2167,1235.0,"COP UPPER, AB CA",0,107,246,",,C",",,C",",,C"
CA003032422,50.1833,-112.4333,801.0,"ENCHANT AGDM, AB CA",7,111,252,",,C",",,C",",,C"
CA003032450,49.55,-111.05,845.0,"ETZIKOM AGCM, AB CA",132,115,276,",,C",",,C",",,C"
CA003032550,49.8,-112.0333,833.0,"FINCASTLE AGDM, AB CA",0,106,268,",,C",",,C",",,C"
CA003032642,49.4833,-111.4833,881.0,"FOREMOST AGDM, AB CA",0,106,268,",,C",",,C",",,C"
CA003032683,49.7833,-113.3833,978.0,"FORT MACLEOD AGCM, AB CA",0,105,261,",,C",",,C",",,C"
CA003032801,50.9333,-112.9333,907.0,"GLEICHEN AGCM, AB CA",139,89,248,",,C",",,C",",,C"
CA003032927,49.8667,-111.7333,783.0,"GRASSY LAKE, AB CA",144,116,263,",,C",",,C",",,C"
CA003033550,49.9833,-110.2667,795.0,"IRVINE AGCM, AB CA",0,134,251,",,C",",,C",",,C"
CA003033875,49.6333,-112.8,929.0,"LETHBRIDGE, AB CA",0,108,281,",,C",",,C",",,C"
CA003033897,49.6833,-112.75,903.0,"LETHBRIDGE DEMO FARM AGDM, AB CA",0,119,264,",,C",",,C",",,C"
CA003034479,50.0167,-110.7167,717.0,"MEDICINE HAT, AB CA",0,125,271,",,C",",,C",",,C"
CA003034485,50.0333,-110.7167,715.0,"MEDICINE HAT RCS, AB CA",6,134,259,",,C",",,C",",,C"
CA003034577,50.6667,-113.35,965.0,"MOSSLEIGH AGCM, AB CA",0,58,267,",,C",",,C",",,C"
CA003034795,51.3667,-114.1,1145.0,"NEIR AGDM, AB CA",0,74,219,",,C",",,C",",,C"
CA003035198,49.5167,-114.0,1190.0,"PINCHER CREEK, AB CA",0,122,241,",,C",",,C",",,C"
CA003035208,49.5167,-114.0,1190.0,"PINCHER CREEK CLIMATE, AB CA",0,125,237,",,C",",,C",",,C"
CA003035340,50.6,-112.9833,940.0,"QUEENSTOWN, AB CA",0,100,245,",,C",",,C",",,C"
CA003035342,50.6,-112.8,941.0,"QUEENSTOWN, AB CA",0,92,252,",,C",",,C",",,C"
CA003035530,50.2667,-111.7,645.0,"ROLLING HILLS AGCM, AB CA",5,108,240,",,C",",,C",",,C"
CA003035650,50.8333,-112.05,714.0,"ROSEMARY AGDM, AB CA",110,100,254,",,C",",,C",",,C"
CA003035845,49.9167,-110.9167,766.0,"SEVEN PERSONS AGDM, AB CA",0,116,252,",,C",",,C",",,C"
CA003036086,51.2333,-112.9833,901.0,"STANDARD AGCM, AB CA",35,107,235,",,C",",,C",",,C"
CA003036099,50.1833,-113.8833,1364.0,"STAVELY AAFC, AB CA",0,100,234,",,C",",,C",",,C"
CA003036205,51.0333,-113.2833,967.0,"STRATHMORE AGDM, AB CA",73,97,230,",,C",",,C",",,C"
CA003036500,50.3,-112.8667,955.0,"TRAVERS AGCM, AB CA",18,101,258,",,C",",,C",",,C"
CA003037675,49.5,-112.1167,944.0,"WRENTHAM AGDM, AB CA",0,106,265,",,C",",,C",",,C"
CA00303M9JM,50.7333,-113.9667,1081.0,"OKOTOKS, AB CA",14,90,255,",,C",",,C",",,C"
CA003042045,49.05,-112.8167,1310.0,"DEL BONITA AGDM, AB CA",0,85,240,",,C",",,C",",,C"
CA003044203,49.3667,-110.6833,927.0,"MANYBERRIES AGCM, AB CA",131,101,269,",,C",",,C",",S,C"
CA003044232,49.1333,-111.65,948.0,"MASINASIN AGDM, AB CA",0,128,270,",,C",",,C",",,C"
CA003044923,49.1167,-110.4667,935.0,"ONEFOUR CDA, AB CA",0,126,282,",,C",",,C",",,C"
CA003045000,49.2167,-111.1333,915.0,"PAKOWKI LAKE AGCM, AB CA",0,102,276,",,C",",,C",",,C"
CA003050519,51.2,-115.55,1397.0,"BANFF CS, AB CA",9,96,190,",,C",",,C",",,C"
CA003050602,49.4667,-114.1833,1257.0,"BEAVER MINES, AB CA",0,134,217,",,C",",,C",",,C"
CA003050778,51.0833,-115.0667,1298.0,"BOW VALLEY, AB CA",0,122,221,",,C",",,C",",,C"
CA003051R4R,49.6333,-114.4833,1303.0,"CROWSNEST, AB CA",0,133,217,",,C",",,C",",,C"
CA003053536,52.9333,-118.0333,1020.0,"JASPER WARDEN, AB CA",10,114,211,",,C",",,C",",,C"
CA003053600,51.0333,-115.0333,1391.0,"KANANASKIS, AB CA",0,105,210,",,C",",,C",",,C"
CA003054843,52.5,-116.05,1352.0,"NORDEGG CS, AB CA",18,81,207,",,C",",,C",",,C"
CA003056214,49.1333,-113.8167,1289.0,"WATERTON PARK GATE, AB CA",0,133,226,",,C",",,C",",,C"
CA003060330,54.6333,-113.3833,635.0,"ATHABASCA AGCM, AB CA",95,126,172,",,C",",,C",",,C"
CA003060406,54.7833,-112.8333,574.0,"ATMORE AGDM, AB CA",178,123,161,",,C",",,C",",,C"
CA003060535,54.1,-114.45,648.0,"BARRHEAD CS, AB CA",0,106,213,",,C",",,C",",,C"
CA003060L20,54.7167,-113.2833,515.0,"ATHABASCA 1, AB CA",140,125,170,",,C",",,C",",,C"
CA003062239,53.5833,-116.4667,927.0,"EDSON, AB CA",0,102,218,",,C",",,C",",,C"
CA003062246,53.5833,-116.45,927.0,"EDSON CLIMATE, AB CA",0,103,214,",,C",",,C",",,C"
CA003062451,53.6,-114.9833,780.0,"ENTWISTLE, AB CA",0,100,230,",,C",",,C",",,C"
CA003062660,54.4167,-114.7667,676.0,"FORT ASSINIBOINE AGCM, AB CA",4,109,207,",,C",",,C",",,C"
CA003062696,56.65,-111.2167,369.0,"FORT MCMURRAY CS, AB CA",126,116,144,",,C",",,C",",,C"
CA003062697,56.65,-111.2167,369.0,"FORT MCMURRAY, AB CA",120,115,144,",,C",",,C",",,C"
CA003063135,53.8,-118.45,1448.0,"HENDRICKSON CREEK, AB CA",0,74,164,",,C",",,C",",,C"
CA003063165,55.4,-116.4833,602.0,"HIGH PRAIRIE AGDM, AB CA",36,123,193,",,C",",,C",",,C"
CA003063686,54.7667,-112.0167,567.0,"LAC LA BICHE CLIMATE, AB CA",288,129,160,",,C",",,C",",,C"
CA003065475,54.5,-111.7,585.0,"RICH LAKE AGDM, AB CA",150,121,181,",,C",",,C",",,C"
CA003065995,55.3,-114.7833,583.0,"SLAVE LAKE, AB CA",292,137,165,",,C",",,C",",,C"
CA003065997,55.3,-114.7833,583.0,"SLAVE LAKE RCS, AB CA",272,135,164,",,C",",,C",",,C"
CA00306A009,53.4,-117.5333,1011.0,"HINTON VALLEY, AB CA",0,105,215,",,C",",,C",",,C"
CA00306GE70,53.3833,-118.35,1402.0,"WILLOW CREEK 1, AB CA",0,55,181,",,C",",,C",",,C"
CA003070600,55.2,-119.4,745.0,"BEAVERLODGE RCS, AB CA",0,116,218,",,C",",,C",",,C"
CA003070800,56.1167,-117.8833,748.0,"BROWNVALE AGCM, AB CA",4,114,206,",,C",",,C",",,C"
CA003072151,55.8,-117.8833,563.0,"EAGLESHAM AGCM, AB CA",29,105,217,",,C",",,C",",,C"
CA003072525,56.0833,-118.4333,655.0,"FAIRVIEW AGDM, AB CA",8,100,192,",,C",",,C",",,C"
CA003072655,58.7667,-111.1167,238.0,"FORT CHIPEWYAN, AB CA",14,122,193,",,C",",,C",",,C"
CA003072659,58.7667,-111.1167,238.0,"FORT CHIPEWYAN RCS, AB CA",8,125,193,",,C",",,C",",,C"
CA003072723,58.3833,-116.0333,289.0,"FORT VERMILION, AB CA",55,129,163,",,C",",,C",",,C"
CA003073071,57.2667,-117.3,455.0,"HAWK HILLS AGCM, AB CA",0,130,181,",,C",",,C",",,C"
CA003073140,58.6167,-117.1667,338.0,"HIGH LEVEL, AB CA",2,133,189,",,C",",,C",",,C"
CA003073535,55.9167,-117.1167,638.0,"JEAN COTE AGCM, AB CA",84,113,191,",,C",",,C",",,C"
CA003073730,58.1667,-116.35,323.0,"LA CRETE AGCM, AB CA",113,132,159,",,C",",,C",",,C"
CA003073740,55.4167,-119.25,760.0,"LA GLACE AGCM, AB CA",13,94,202,",,C",",,C",",,C"
CA003074935,56.3167,-119.75,630.0,"CLEARDALE AGDM, AB CA",0,116,208,",,C",",,C",",,C"
CA003075160,55.6167,-118.3,621.0,"PEORIA AGDM, AB CA",0,90,209,",,C",",,C",",,C"
CA003075601,55.7833,-118.6667,575.0,"RYCROFT AGCM, AB CA",0,99,213,",,C",",,C",",,C"
CA003075770,56.0833,-119.35,703.0,"SAVANNA AGCM, AB CA",6,110,196,",,C",",,C",",,C"
CA003076366,55.35,-118.4,670.0,"TEEPEE CREEK AGCM, AB CA",4,94,208,",,C",",,C",",,C"
CA003076680,55.1,-117.2,698.0,"VALLEYVIEW AGDM, AB CA",12,115,206,",,C",",,C",",,C"
CA00307KPFP,58.7167,-113.8667,241.0,"GARDEN RIVER, AB CA",26,129,165,",,C",",,C",",,C"
CA003081680,54.4167,-110.2833,541.0,"COLD LAKE A, AB CA",166,117,173,",,C",",,C",",,C"
CA004010811,50.2,-104.7167,580.0,"BRATT S LAKE CLIMATE, SK CA",209,112,254,",,C",",,C",",,C"
CA004010879,50.3667,-102.5667,600.0,"BROADVIEW, SK CA",237,105,201,",,C",",,C",",,C"
CA004012300,51.1833,-104.8667,584.0,"DUVAL, SK CA",100,10,220,",,C",",,C",",,C"
CA004012410,49.2167,-102.9667,581.0,"ESTEVAN, SK CA",127,109,250,",,C",",,C",",,C"
CA004013480,50.55,-103.65,579.0,"INDIAN HEAD CDA, SK CA",159,92,231,",,C",",,C",",,C"
CA004013660,51.25,-103.75,676.0,"KELLIHER, SK CA",22,100,165,",,C",",,C",",,C"
CA004014040,50.2,-102.7333,671.0,"KIPLING, SK CA",168,100,195,",,C",",,C",",,C"
CA004014156,51.4167,-105.25,497.0,"LAST MOUNTAIN CS, SK CA",140,119,223,",,C",",,C",",,C"
CA004014322,52.0,-104.6333,535.0,"LEROY, SK CA",76,115,170,",,C",",,C",",,C"
CA004014481,51.15,-103.8833,640.0,"LIPTON 2, SK CA",56,100,195,",,C",",,C",",,C"
CA004015322,50.3333,-105.5333,577.0,"MOOSE JAW CS, SK CA",168,119,255,",,C",",,C",",,C"
CA004015800,49.3167,-102.1167,576.0,"OXBOW, SK CA",100,100,220,",,C",",,C",",,C"
CA004016322,50.5667,-103.9833,663.0,"QU APPELLE 1, SK CA",57,100,245,",,C",",,C",",,C"
CA004016699,50.4333,-104.6667,577.0,"REGINA RCS, SK CA",188,112,260,",,C",",,C",",,C"
CA004018642,51.6667,-105.4,526.0,"WATROUS EAST, SK CA",150,115,218,",,C",",,C",",,C"
CA004019075,51.2667,-102.4667,498.0,"YORKTON, SK CA",200,100,146,",,C",",,C",",,C"
CA0040190LN,51.7667,-104.2,560.0,"WYNYARD AUT, SK CA",111,107,161,",,C",",,C",",,C"
CA00401HP5R,49.7,-103.8,589.0,"WEYBURN, SK CA",40,112,268,",,C",",,C",",,C"
CA004020286,49.7333,-105.95,726.0,"ASSINIBOIA AIRPORT, SK CA",141,135,272,",,C",",,C",",,C"
CA004020560,50.8333,-107.3167,660.0,"BEECHY, SK CA",44,130,260,",,C",",,C",",,C"
CA004022359,51.1333,-106.5833,595.0,"ELBOW CS, SK CA",117,119,248,",,C",",,C",",,C"
CA004024714,50.95,-107.15,665.0,"LUCKY LAKE, SK CA",100,121,243,",,C",",,C",",,C"
CA004024919,49.9,-109.4667,767.0,"MAPLE CREEK, SK CA",0,121,266,",,C",",,C",",,C"
CA004026847,51.15,-107.2667,725.0,"ROCK POINT, SK CA",4,120,255,",,C",",,C",",,C"
CA004028038,50.3,-107.6833,817.0,"SWIFT CURRENT, SK CA",85,131,247,",,C",",,C",",,C"
CA004028060,50.2667,-107.7333,825.0,"SWIFT CURRENT CDA, SK CA",96,130,243,",,C",",,C",",,C"
CA00402DAF0,50.9167,-109.5,676.0,"LEADER AIRPORT, SK CA",11,97,235,",,C",",,C",",,C"
CA0040318MN,49.05,-105.4833,756.0,"CORONACH SPC, SK CA",0,109,289,",,C",",,C",",,C"
CA004031999,49.6333,-109.5167,1271.0,"CYPRESS HILLS PARK, SK CA",4,95,218,",,C",",,C",",,C"
CA004032322,49.4333,-108.9833,1080.0,"EASTEND CYPRESS AUT, SK CA",11,106,254,",,C",",,C",",,C"
CA004034910,49.1,-107.0167,830.0,"MANKOTA, SK CA",14,133,267,",,C",",,C",",,C"
CA004036844,49.1667,-105.9833,917.0,"ROCKGLEN AUT, SK CA",15,118,263,",,C",",,C",",,C"
CA004038412,49.0667,-107.5833,796.0,"VAL MARIE SOUTHEAST, SK CA",4,142,286,",,C",",,C",",,C"
CA004041000,53.45,-109.2,572.0,"BUTTE ST PIERRE, SK CA",12,120,230,",,C",",,C",",,C"
CA004045607,52.7667,-108.25,548.0,"NORTH BATTLEFORD RCS, SK CA",67,121,236,",,C",",,C",",,C"
CA004046884,51.5667,-107.9167,586.0,"ROSETOWN EAST, SK CA",15,107,247,",,C",",,C",",,C"
CA004047240,52.3667,-108.8333,660.0,"SCOTT CDA, SK CA",36,120,231,",,C",",,C",",,C"
CA004047644,52.3167,-107.7667,716.0,"SONNINGDALE, SK CA",8,110,230,",,C",",,C",",,C"
CA004055079,52.8167,-104.6,490.0,"MELFORT, SK CA",148,111,137,",,C",",,C",",,C"
CA004055736,51.4833,-107.05,541.0,"OUTLOOK PFRA, SK CA",56,127,247,",,C",",,C",",,C"
CA004057165,52.1667,-106.7167,504.0,"SASKATOON RCS, SK CA",116,125,235,",,C",",,C",",,C"
CA004060983,55.8333,-108.4167,440.0,"BUFFALO NARROWS AUT, SK CA",116,119,154,",,C",",,C",",,C"
CA004061570,58.0833,-104.4833,467.0,"CIGAR LAKE, SK CA",0,80,210,",,C",",,C",",,C"
CA004061632,58.1833,-103.7,490.0,"COLLINS BAY CAMECO, SK CA",0,100,210,",,C",",,C",",,C"
CA004063605,55.5333,-102.35,297.0,"ISLAND FALLS AUT, SK CA",8,58,172,",,C",",,C",",,C"
CA004063753,57.25,-105.6,514.0,"KEY LAKE SK, SK CA",3,100,175,",,C",",,C",",,C"
CA004063757,57.25,-105.6167,514.0,"KEY LAKE, SK CA",5,101,180,",,C",",,C",",,C"
CA004064149,55.15,-105.2667,379.0,"LA RONGE RCS, SK CA",111,124,166,",,C",",,C",",,C"
CA004064620,54.0167,-109.1333,546.0,"LOON LAKE RCS, SK CA",188,114,195,",,C",",,C",",,C"
CA004067655,56.3333,-103.2833,344.0,"SOUTHEND, SK CA",4,29,177,",,C",",,C",",,C"
CA004067723,53.3667,-107.55,584.0,"SPIRITWOOD WEST, SK CA",104,114,210,",,C",",,C",",,C"
CA004068559,53.9167,-106.0667,569.0,"WASKESIU LAKE, SK CA",151,109,144,",,C",",,C",",,C"
CA00406N0NM,54.1333,-108.5167,481.0,"MEADOW LAKE, SK CA",234,118,189,",,C",",,C",",,C"
CA00406QLD0,59.5667,-108.4833,318.0,"URANIUM CITY AUT, SK CA",4,139,212,",,C",",,C",",,C"
CA00407N51G,53.3333,-104.0,372.0,"NIPAWIN, SK CA",69,116,130,",,C",",,C",",,C"
CA004083324,52.8167,-102.3167,358.0,"HUDSON BAY AUT, SK CA",48,60,144,",,C",",,C",",,C"
CA005010140,49.2833,-99.3,450.0,"BALDUR, MB CA",116,90,160,",,C",",,C",",,C"
CA005010481,49.9167,-99.95,409.0,"BRANDON A, MB CA",120,72,156,",,C",",,C",",,C"
CA005010490,49.9,-99.95,409.0,"BRANDON RCS, MB CA",111,63,157,",,C",",,C",",,C"
CA005010547,49.9,-99.35,384.0,"CARBERRY CS, MB CA",102,51,175,",,C",",,C",",,C"
CA005010641,49.5667,-99.0667,374.0,"CYPRESS RIVER RCS, MB CA",141,47,173,",,C",",,C",",,C"
CA005010QFQ,49.9333,-101.2,498.0,"ELKHORN 2 EAST, MB CA",164,90,145,",,C",",,C",",,C"
CA005012324,49.9,-98.2833,273.0,"PORTAGE SOUTHPORT, MB CA",110,78,200,",,C",",,C",",,C"
CA005012469,51.1833,-101.3667,540.0,"ROBLIN, MB CA",269,88,124,",,C",",,C",",,C"
CA005012654,50.45,-100.6,561.0,"SHOAL LAKE CS, MB CA",141,68,129,",,C",",,C",",,C"
CA005012961,49.8333,-100.9333,440.0,"VIRDEN WATER, MB CA",85,100,150,",,C",",,C",",,C"
CA005013117,50.65,-99.95,627.0,"WASAGAMING, MB CA",141,71,140,",,C",",,C",",,C"
CA00501A7AR,49.2833,-100.9833,446.0,"MELITA, MB CA",52,88,196,",,C",",,C",",,C"
CA005020725,49.4,-98.3167,341.0,"DEERWOOD RCS, MB CA",167,41,185,",,C",",,C",",,C"
CA005020881,49.0,-97.2333,242.0,"EMERSON AUTO, MB CA",36,60,207,",,C",",,C",",,C"
CA005021220,49.0333,-97.5667,253.0,"GRETNA AUT, MB CA",44,48,202,",,C",",,C",",,C"
CA005021695,50.0167,-97.8,244.0,"MARQUETTE, MB CA",152,80,210,",,C",",,C",",,C"
CA005021849,49.1833,-98.0833,298.0,"MORDEN CDA CS, MB CA",91,77,188,",,C",",,C",",,C"
CA005022125,49.1833,-98.9,470.0,"PILOT MOUND AUT, MB CA",139,56,158,",,C",",,C",",,C"
CA005022575,49.35,-96.0333,352.0,"ST LABRE, MB CA",212,,,",,C",,
CA005022759,49.0167,-95.6,329.0,"SPRAGUE, MB CA",127,46,201,",,C",",,C",",,C"
CA005022791,50.1167,-97.1667,236.0,"STONY MOUNTAIN, MB CA",40,60,200,",,C",",,C",",,C"
CA005023262,49.8833,-97.1333,230.0,"WINNIPEG THE FORKS, MB CA",80,109,215,",,C",",,C",",,C"
CA00502I001,49.5,-98.0333,268.0,"CARMAN U OF M CS, MB CA",161,66,206,",,C",",,C",",,C"
CA00502S001,49.9167,-97.25,239.0,"WINNIPEG A CS, MB CA",84,53,214,",,C",",,C",",,C"
CA005030203,52.3667,-97.0167,222.0,"BERENS RIVER CS, MB CA",0,35,195,",,C",",,C",",,C"
CA005030984,52.8167,-97.6167,223.0,"GEORGE ISLAND AUT, MB CA",2,125,195,",,C",",,C",",,C"
CA0050309J6,51.0833,-97.55,253.0,"FISHER BRANCH AUT, MB CA",29,59,195,",,C",",,C",",,C"
CA005031042,50.6333,-97.05,230.0,"GIMLI CLIMATE, MB CA",13,97,211,",,C",",,C",",,C"
CA005031201,50.5167,-95.9833,253.0,"GREAT FALLS CLIMATE, MB CA",2,106,216,",,C",",,C",",,C"
CA005031320,49.6167,-95.2,327.0,"INDIAN BAY, MB CA",50,70,200,",,C",",,C",",,C"
CA005031A10,53.1833,-99.2667,223.0,"GRAND RAPIDS AUT, MB CA",48,31,184,",,C",",,C",",,C"
CA005032360,49.85,-95.5333,323.0,"RENNIE, MB CA",40,40,210,",,C",",,C",",,C"
CA00503B1ER,50.1833,-96.0667,268.0,"PINAWA, MB CA",11,,,",,C",,
CA005040681,51.1,-100.05,305.0,"DAUPHIN CS, MB CA",272,44,151,",,C",",,C",",,C"
CA005040689,51.1,-100.05,305.0,"DAUPHIN, MB CA",253,45,151,",,C",",,C",",,C"
CA005041685,52.6667,-101.1,325.0,"MAFEKING, MB CA",170,65,150,",,C",",,C",",,C"
CA005043158,50.7167,-99.5333,351.0,"MCCREARY, MB CA",136,72,160,",,C",",,C",",,C"
CA00504K0NM,50.5,-98.0333,250.0,"OAKPOINT MARINE, MB CA",58,64,203,",,C",",,C",",,C"
CA00504K80K,52.1167,-101.2333,335.0,"SWAN RIVER RCS, MB CA",35,52,147,",,C",",,C",",,C"
CA005050919,54.6833,-101.6833,304.0,"FLIN FLON, MB CA",2,93,169,",,C",",,C",",,C"
CA005050920,54.7667,-101.8833,320.0,"FLIN FLON, MB CA",12,115,165,",,C",",,C",",,C"
CA005052890,53.9667,-101.1,274.0,"THE PAS CLIMATE, MB CA",9,83,175,",,C",",,C",",,C"
CA005060595,58.7333,-94.0667,29.0,"CHURCHILL, MB CA",0,70,230,",,C",",,C",",,C"
CA005060608,58.7333,-94.0667,29.0,"CHURCHILL CLIMATE, MB CA",0,70,233,",,C",",,C",",,C"
CA005060999,56.3667,-94.7,145.0,"GILLAM, MB CA",0,27,209,",,C",",,C",",,C"
CA005061422,56.0333,-96.5167,183.0,"KELSEY DAM CS, MB CA",0,35,209,",,C",",,C",",,C"
CA005062040,53.9667,-97.85,224.0,"NORWAY HOUSE, MB CA",0,51,207,",,C",",,C",",,C"
CA005062840,58.7167,-98.5,262.0,"TADOULE LAKE CS, MB CA",0,91,231,",,C",",,C",",,C"
CA006010735,53.8167,-89.9,223.0,"BIG TROUT LAKE, ON CA",0,59,182,",,C",",,C",",,C"
CA006010740,53.8167,-89.9,223.0,"BIG TROUT LAKE, ON CA",0,59,185,",,C",",,C",",,C"
CA006012199,50.6333,-93.2167,363.0,"EAR FALLS AUT, ON CA",0,107,207,",,C",",,C",",,C"
CA006012501,56.0167,-87.6833,16.0,"FORT SEVERN, ON CA",0,68,154,",,C",",,C",",,C"
CA006014353,52.2,-87.9333,253.0,"LANSDOWNE HOUSE AUT, ON CA",12,65,172,",,C",",,C",",,C"
CA006015026,53.4333,-91.7667,278.0,"MUSKRAT DAM, ON CA",0,62,190,",,C",",,C",",,C"
CA006016295,54.9833,-85.4333,53.0,"PEAWANUCK AUT, ON CA",0,36,151,",,C",",,C",",,C"
CA006016525,51.45,-90.2167,391.0,"PICKLE LAKE AUT, ON CA",0,95,188,",,C",",,C",",,C"
CA006017401,53.0667,-93.35,290.0,"SANDY LAKE, ON CA",0,55,192,",,C",",,C",",,C"
CA006020559,48.6333,-93.9667,335.0,"BARWICK, ON CA",182,65,210,",,C",",,C",",,C"
CA006020LPQ,48.7667,-91.6333,389.0,"ATIKOKAN AUT, ON CA",0,116,199,",,C",",,C",",,C"
CA006022474,48.65,-93.4333,342.0,"FORT FRANCES RCS, ON CA",35,49,197,",,C",",,C",",,C"
CA006032125,49.8333,-92.75,413.0,"DRYDEN REGIONAL, ON CA",2,104,199,",,C",",,C",",,C"
CA006034073,49.7833,-94.3833,413.0,"KENORA RCS, ON CA",0,104,187,",,C",",,C",",,C"
CA006034076,49.7833,-94.3667,410.0,"KENORA A, ON CA",0,103,189,",,C",",,C",",,C"
CA006036904,49.65,-93.7167,358.0,"RAWSON LAKE, ON CA",52,111,153,",,C",",,C",",,C"
CA006037776,50.1167,-91.9,383.0,"SIOUX LOOKOUT A, ON CA",0,100,208,",,C",",,C",",,C"
CA006040325,50.3,-88.9,323.0,"ARMSTRONG AUT, ON CA",1,94,154,",,C",",,C",",,C"
CA006041110,49.15,-88.35,233.0,"CAMERON FALLS AUT, ON CA",0,123,177,",,C",",,C",",,C"
CA006041222,47.3333,-85.8333,187.0,"CARIBOU ISLAND AUT, ON CA",0,154,197,",,C",",,C",",,C"
CA006046768,48.6,-86.2833,192.0,"PUKASKWA AUT, ON CA",18,121,206,",,C",",,C",",,C"
CA006048260,48.3667,-89.3167,199.0,"THUNDER BAY, ON CA",0,115,210,",,C",",,C",",,C"
CA006048268,48.3667,-89.3333,199.0,"THUNDER BAY CS, ON CA",0,117,207,",,C",",,C",",,C"
CA006049095,49.0333,-90.4667,489.0,"UPSALA AUT, ON CA",2,96,184,",,C",",,C",",,C"
CA006049443,48.3667,-89.1167,211.0,"WELCOME ISLAND AUT, ON CA",0,137,197,",,C",",,C",",,C"
CA006049470,49.6833,-88.3,261.0,"LITTLE FLATLAND ISLAND AUT, ON CA",0,135,174,",,C",",,C",",,C"
CA006057591,46.4833,-84.5167,192.0,"SAULT STE MARIE A, ON CA",0,82,217,",,C",",,C",",,C"
CA006065006,46.2,-82.0167,200.0,"MASSEY, ON CA",0,130,240,"T,,C",",,C",",,C"
CA006068145,46.6333,-80.8,348.0,"SUDBURY CLIMATE, ON CA",31,109,226,",,C",",,C",",,C"
CA006068153,46.6333,-80.8,348.0,"SUDBURY A, ON CA",33,112,236,",,C",",,C",",,C"
CA006070QK6,49.3833,-82.1167,245.0,"BONNER LAKE, ON CA",8,115,210,",,C",",,C",",,C"
CA006072223,47.7,-79.85,244.0,"EARLTON, ON CA",12,118,228,",,C",",,C",",,C"
CA006072230,47.7,-79.85,243.0,"EARLTON CLIMATE, ON CA",7,120,231,",,C",",,C",",,C"
CA006073980,49.4,-82.45,218.0,"KAPUSKASING CDA ON, ON CA",21,90,201,",,C",",,C",",,C"
CA006075420,51.2833,-80.6,9.0,"MOOSONEE, ON CA",45,107,230,",,C",",,C",",,C"
CA006075543,49.75,-84.1667,264.0,"NAGAGAMI AUT, ON CA",13,81,200,",,C",",,C",",,C"
CA006078282,48.55,-81.3833,294.0,"TIMMINS CLIMATE, ON CA",8,107,206,",,C",",,C",",,C"
CA006078286,48.5667,-81.3833,295.0,"TIMMINS A, ON CA",0,107,204,",,C",",,C",",,C"
CA006080192,45.5333,-78.2667,397.0,"ALGONQUIN PARK EAST GATE, ON CA",56,91,209,",,C",",,C",",,C"
CA006092920,45.8833,-82.5667,189.0,"GORE BAY CLIMATE, ON CA",110,144,224,",,C",",,C",",,C"
CA006100285,45.1833,-76.1167,133.0,"APPLETON, ON CA",364,145,235,",,C",",,C",",,C"
CA006100970,44.6333,-75.75,120.0,"BROCKVILLE CLIMATE, ON CA",90,149,242,",,C",",,C",",,C"
CA006101335,46.05,-77.3667,122.0,"CHALK RIVER AECL, ON CA",46,165,210,",,C",",,C",",,C"
CA006101874,45.0167,-74.75,64.0,"CORNWALL, ON CA",80,180,260,",,C",",,C",",,C"
CA006102J13,45.0333,-76.25,145.0,"DRUMMOND CENTRE, ON CA",246,130,255,",,C",",,C",",,C"
CA006103024,44.4167,-75.85,82.0,"GRENADIER ISLAND, ON CA",42,162,248,",,C",",,C",",,C"
CA006103367,44.4333,-76.6833,160.0,"HARTINGTON IHD, ON CA",244,140,240,",,C",",,C",",,C"
CA006104027,45.0,-75.6333,99.0,"KEMPTVILLE CS, ON CA",145,139,253,",,C",",,C",",,C"
CA006104142,44.2167,-76.6,93.0,"KINGSTON CLIMATE, ON CA",40,163,231,",,C",",,C",",,C"
CA006105397,45.25,-74.9667,85.0,"MOOSE CREEK, ON CA",414,148,258,",,C",",,C",",,C"
CA006105762,45.05,-76.7833,276.0,"OMPAH SEITZ, ON CA",318,150,225,",,C",",,C",",,C"
CA006105976,45.3833,-75.7167,79.0,"OTTAWA CDA, ON CA",382,155,235,",,C",",,C",",,C"
CA006105978,45.3833,-75.7167,79.0,"OTTAWA CDA RCS, ON CA",779,153,229,",,C",",,C",",,C"
CA006106001,45.3167,-75.6667,114.0,"OTTAWA INTERNATIONAL, ON CA",383,143,239,",,C",",,C",",,C"
CA006106367,45.8667,-77.25,161.0,"PEMBROKE CLIMATE, ON CA",69,138,206,",,C",",,C",",,C"
CA006107276,45.2833,-75.0667,80.0,"ST. ALBERT, ON CA",214,160,250,",,C",",,C",",,C"
CA00610FC98,45.8833,-77.25,153.0,"PETAWAWA HOFFMAN, ON CA",38,155,220,",,C",",,C",",,C"
CA006110480,44.2667,-79.3167,229.0,"BALDWIN, ON CA",26,130,235,",,C",",,C",",,C"
CA006110556,44.3833,-79.7333,305.0,"BARRIE LANDFILL, ON CA",230,160,270,",,C",",,C",",,C"
CA006110607,45.1333,-79.4,297.0,"BEATRICE CLIMATE, ON CA",28,108,216,",,C",",,C",",,C"
CA006111769,44.6333,-79.5333,285.0,"COLDWATER WARMINSTER, ON CA",62,160,240,",,C",",,C",",,C"
CA006114979,44.2667,-80.7167,411.0,"MARKDALE, ON CA",0,,265,",,C",,",,C"
CA006115811,44.6,-79.4333,250.0,"ORILLIA BRAIN, ON CA",58,165,215,",,C",",,C",",,C"
CA006117684,44.4,-79.6333,250.0,"SHANTY BAY, ON CA",106,145,230,",,C",",,C",",,C"
CA006117700,44.4833,-79.55,289.0,"BARRIE ORO, ON CA",161,125,222,",,C",",,C",",,C"
CA006119055,44.2667,-79.1667,262.0,"UDORA, ON CA",12,150,230,",,C",",,C",",,C"
CA00611E001,44.2333,-79.7833,251.0,"EGBERT CS, ON CA",26,138,226,",,C",",,C",",,C"
CA006122847,43.7667,-81.7167,214.0,"GODERICH, ON CA",14,145,222,",,C",",,C",",,C"
CA006127510,43.0,-82.3167,181.0,"SARNIA, ON CA",56,159,263,",,C",",,C",",,C"
CA006128330,45.2333,-81.6333,214.0,"TOBERMORY RCS, ON CA",4,148,217,",,C",",,C",",,C"
CA006130257,42.1,-83.1,182.0,"AMHERSTBURG, ON CA",18,185,290,",,C",",,C",",,C"
CA006131983,42.8667,-80.55,232.0,"DELHI CS, ON CA",56,164,272,",,C",",,C",",,C"
CA006133055,43.1833,-79.5667,171.0,"GRIMSBY MOUNTAIN, ON CA",5,190,280,",,C",",,C",",,C"
CA006133362,42.0333,-82.9,191.0,"HARROW CDA AUTO, ON CA",13,176,262,",,C",",,C",",,C"
CA006135583,42.5167,-81.6333,198.0,"NEW GLASGOW, ON CA",110,190,270,",,C",",,C",",,C"
CA006136606,42.8833,-79.25,175.0,"PORT COLBORNE, ON CA",260,,250,",,C",,",,C"
CA006136699,43.25,-79.2167,79.0,"PORT WELLER AUT, ON CA",9,186,266,",,C",",,C",",,C"
CA006137154,42.45,-81.8833,206.0,"RIDGETOWN RCS, ON CA",8,148,268,",,C",",,C",",,C"
CA006137362,42.7667,-81.2,209.0,"ST THOMAS WPCP, ON CA",100,190,270,",,C",",,C",",,C"
CA006139148,43.1833,-79.4,79.0,"VINELAND STATION RCS, ON CA",0,186,268,",,C",",,C",",,C"
CA006139449,42.9667,-79.3333,178.0,"WELLAND PELHAM, ON CA",46,166,253,",,C",",,C",",,C"
CA006139520,42.3333,-82.9333,188.0,"WINDSOR RIVERSIDE, ON CA",0,190,285,",,C",",,C",",,C"
CA006142286,43.65,-80.4167,376.0,"ELORA RCS, ON CA",23,129,229,",,C",",,C",",,C"
CA006142400,43.7333,-80.3333,418.0,"FERGUS SHAND DAM, ON CA",42,145,240,",,C",",,C",",,C"
CA006142402,43.7,-80.3833,396.0,"FERGUS MOE, ON CA",20,140,235,",,C",",,C",",,C"
CA006142803,43.6833,-80.7167,400.0,"GLEN ALLAN, ON CA",68,155,225,",,C",",,C",",,C"
CA006144239,43.4667,-80.3833,322.0,"KITCHENER WATERLOO, ON CA",73,145,240,",,C",",,C",",,C"
CA006144478,43.0333,-81.15,278.0,"LONDON CS, ON CA",54,162,264,",,C",",,C",",,C"
CA006145504,43.9833,-80.75,415.0,"MOUNT FOREST AUT, ON CA",89,145,223,",,C",",,C",",,C"
CA006147188,43.35,-80.4667,328.0,"ROSEVILLE, ON CA",5,155,250,",,C",",,C",",,C"
CA006148122,42.9833,-81.65,243.0,"STRATHROY MULLIFARRY, ON CA",0,155,250,",,C",",,C",",,C"
CA006149625,43.1333,-80.7667,282.0,"WOODSTOCK, ON CA",8,160,270,",,C",",,C",",,C"
CA006150689,44.15,-77.4,76.0,"BELLEVILLE, ON CA",16,185,250,",,C",",,C",",,C"
CA006151309,44.4,-76.9,150.0,"CENTREVILLE, ON CA",156,155,245,",,C",",,C",",,C"
CA006151684,43.95,-78.1667,78.0,"COBOURG AUT, ON CA",8,176,226,",,C",",,C",",,C"
CA006151689,43.9667,-78.1833,79.0,"COBOURG STP, ON CA",12,170,240,",,C",",,C",",,C"
CA006152695,43.6333,-79.8833,221.0,"GEORGETOWN WWTP, ON CA",26,165,255,",,C",",,C",",,C"
CA006153193,43.1667,-79.9333,238.0,"HAMILTON A, ON CA",32,179,264,",,C",",,C",",,C"
CA006153301,43.3,-79.9167,102.0,"HAMILTON RBG CS, ON CA",0,176,269,",,C",",,C",",,C"
CA006155750,43.5167,-79.6833,168.0,"OAKVILLE TWN, ON CA",0,180,280,",,C",",,C",",,C"
CA006155875,43.9167,-78.8833,140.0,"OSHAWA, ON CA",68,153,243,",,C",",,C",",,C"
CA006156559,43.8333,-77.15,79.0,"POINT PETRE AUT, ON CA",71,170,236,",,C",",,C",",,C"
CA006158355,43.6667,-79.4,113.0,"TORONTO CITY, ON CA",0,194,259,",,C",",,C",",,C"
CA006158731,43.6767,-79.6306,173.4,"TORONTO INTERNATIONAL A, ON CA",2,189,259,",,C",",,C",",,C"
CA006158875,44.1167,-77.5333,86.0,"TRENTON A, ON CA",18,168,250,",,C",",,C",",,C"
CA006159123,44.1,-79.1667,325.0,"UXBRIDGE WEST, ON CA",11,150,224,",,C",",,C",",,C"
CA00615S001,43.7833,-79.4667,187.0,"TORONTO NORTH YORK, ON CA",4,150,260,",,C",",,C",",,C"
CA006163171,45.0333,-78.5333,330.0,"HALIBURTON 3, ON CA",84,135,215,",,C",",,C",",,C"
CA006166415,44.2333,-78.3667,191.0,"PETERBOROUGH, ON CA",71,139,245,",,C",",,C",",,C"
CA006166456,44.35,-78.3,216.0,"PETERBOROUGH TRENT U, ON CA",28,143,237,",,C",",,C",",,C"
CA00616I001,45.0667,-77.8833,331.0,"BANCROFT AUTO, ON CA",12,97,217,",,C",",,C",",,C"
CA007011947,45.3167,-74.1667,49.0,"COTEAU DU LAC, QC CA",62,165,268,",,C",",,C",",,C"
CA007011983,46.6833,-71.9667,61.0,"DESCHAMBAULT, QC CA",109,119,246,",,C",",,C",",,C"
CA007014160,45.8167,-73.4333,21.0,"L ASSOMPTION, QC CA",200,149,272,",,C",",,C",",,C"
CA007014290,45.3,-74.05,47.0,"LES CEDRES, QC CA",94,160,270,",,C",",,C",",,C"
CA007014332,46.2667,-73.0167,45.0,"LOUISEVILLE, QC CA",210,141,254,",,C",",,C",",,C"
CA007015730,45.5,-74.0667,91.0,"OKA, QC CA",100,157,261,",,C",",,C",",,C"
CA007015791,47.5667,-71.2333,791.0,"L ETAPE, QC CA",243,67,218,",,C",",,C",",,C"
CA007016470,45.5,-74.3667,46.0,"RIGAUD, QC CA",170,143,269,",,C",",,C",",,C"
CA007016800,46.7167,-72.0833,76.0,"ST ALBAN, QC CA",132,130,256,",,C",",,C",",,C"
CA007016816,46.5333,-73.15,183.0,"ST ALEXIS DES MONTS, QC CA",230,131,256,",,C",",,C",",,C"
CA007016840,46.5833,-72.2333,16.0,"STE ANNE DE LA PERADE, QC CA",111,135,250,",,C",",,C",",,C"
CA007016902,46.2,-73.6,198.0,"STE BEATRIX, QC CA",314,131,245,",,C",",,C",",,C"
CA007016960,46.35,-73.35,168.0,"ST CHARLES DE MANDEVILLE, QC CA",175,132,253,",,C",",,C",",,C"
CA007017000,46.8167,-71.9167,152.0,"STE CHRISTINE, QC CA",272,111,256,",,C",",,C",",,C"
CA007018001,46.5667,-72.7333,110.0,"SHAWINIGAN, QC CA",130,148,258,",,C",",,C",",,C"
CA00701LEEH,46.8667,-72.4,160.0,"LAC AUX SABLES, QC CA",88,110,245,",,C",",,C",",,C"
CA00701Q009,46.3,-72.0667,97.0,"LEMIEUX, QC CA",105,124,257,",,C",",,C",",,C"
CA00701S001,46.8,-71.3833,60.0,"QUEBEC JEAN LESAGE INTERNATIONAL, QC CA",139,117,248,",,C",",,C",",,C"
CA007020305,46.0167,-71.95,140.0,"ARTHABASKA, QC CA",220,135,260,",,C",",,C",",,C"
CA007021954,45.8167,-71.9833,190.0,"DANVILLE, QC CA",220,135,275,",,C",",,C",",,C"
CA007022320,45.3,-72.9,68.0,"FARNHAM, QC CA",137,157,284,",,C",",,C",",,C"
CA007022375,45.8,-73.0,31.0,"FLEURY, QC CA",178,154,271,",,C",",,C",",,C"
CA007022494,46.4833,-72.05,53.0,"FORTIERVILLE, QC CA",216,126,263,",,C",",,C",",,C"
CA007022579,45.05,-72.8667,152.0,"FRELIGHSBURG, QC CA",132,152,262,",,C",",,C",",,C"
CA007024100,45.3833,-73.4333,30.0,"LAPRAIRIE, QC CA",294,158,266,",,C",",,C",",,C"
CA007024254,46.8167,-71.1,69.0,"LAUZON, QC CA",240,108,245,",,C",",,C",",,C"
CA007024280,45.3667,-71.8167,181.0,"LENNOXVILLE, QC CA",209,140,275,",,C",",,C",",,C"
CA007024320,45.6333,-71.3667,267.0,"LINGWICK, QC CA",216,105,272,",,C",",,C",",,C"
CA007024440,45.2667,-72.1167,274.0,"MAGOG, QC CA",132,168,272,",,C",",,C",",,C"
CA007024627,45.4,-73.1333,38.0,"MARIEVILLE, QC CA",160,159,270,",,C",",,C",",,C"
CA007024745,45.5,-73.5833,73.0,"MCTAVISH, QC CA",106,163,271,",,C",",,C",",,C"
CA007025251,45.4706,-73.7408,36.0,"MONTREAL INTERNATIONAL A, QC CA",162,161,265,",,C",",,C",",,C"
CA007025442,46.2333,-72.65,8.0,"NICOLET, QC CA",119,146,257,",,C",",,C",",,C"
CA007025745,45.1167,-74.05,46.0,"ORMSTOWN, QC CA",156,165,270,",,C",",,C",",,C"
CA007026043,46.0833,-72.8333,15.0,"PIERREVILLE, QC CA",124,145,267,",,C",",,C",",,C"
CA007026465,45.6333,-72.1333,123.0,"RICHMOND, QC CA",144,131,275,",,C",",,C",",,C"
CA007026612,45.7,-73.5,9.0,"RIVIERE DES PRAIRIES, QC CA",220,165,285,",,C",",,C",",,C"
CA007026836,45.1333,-74.35,53.0,"ST ANICET, QC CA",162,167,280,",,C",",,C",",,C"
CA007026916,45.0833,-73.3833,49.0,"ST BERNARD DE LACOLLE, QC CA",222,145,253,",,C",",,C",",,C"
CA007027039,45.1667,-73.6833,53.0,"STE CLOTHILDE, QC CA",308,153,264,",,C",",,C",",,C"
CA007027083,46.05,-70.5167,244.0,"ST COME DE LINIERE, QC CA",104,83,272,",,C",",,C",",,C"
CA007027283,46.15,-70.7,168.0,"ST GEORGES, QC CA",150,95,259,",,C",",,C",",,C"
CA007027329,45.5167,-73.4167,27.0,"MONTREAL ST HUBERT, QC CA",138,157,264,",,C",",,C",",,C"
CA007027361,45.5667,-72.9167,33.0,"ST HYACINTHE 2, QC CA",188,155,267,",,C",",,C",",,C"
CA007027470,45.8333,-72.5333,85.0,"SAINT GERMAIN DE GRANTHAM, QC CA",108,142,260,",,C",",,C",",,C"
CA007027516,45.75,-70.6833,335.0,"ST LUDGER, QC CA",142,113,266,",,C",",,C",",,C"
CA007027520,45.2,-71.5,564.0,"ST MALO D AUCKLAND, QC CA",248,122,260,",,C",",,C",",,C"
CA007027656,46.25,-71.2167,366.0,"ST PIERRE DE BROUGHTON, QC CA",136,105,251,",,C",",,C",",,C"
CA007027660,46.2167,-70.5,282.0,"ST PROSPER, QC CA",120,80,260,",,C",",,C",",,C"
CA007027840,46.5,-71.0833,145.0,"SCOTT, QC CA",178,118,266,",,C",",,C",",,C"
CA007028123,45.4333,-71.6833,241.0,"SHERBROOKE, QC CA",195,122,272,",,C",",,C",",,C"
CA007028200,46.0333,-73.1167,15.0,"SOREL, QC CA",190,170,270,",,C",",,C",",,C"
CA007028442,46.05,-71.2667,430.0,"THETFORD MINES RCS, QC CA",149,111,242,",,C",",,C",",,C"
CA007028700,45.7667,-73.3667,21.0,"VERCHERES, QC CA",205,173,288,",,C",",,C",",,C"
CA007028754,46.2,-70.7833,229.0,"BEAUCEVILLE, QC CA",110,107,259,",,C",",,C",",,C"
CA00702FHL8,45.4333,-73.9333,39.0,"STE ANNE DE BELLEVUE 1, QC CA",148,159,265,",,C",",,C",",,C"
CA00702FQLF,45.1167,-74.2833,49.0,"ST ANICET 1, QC CA",115,146,268,",,C",",,C",",,C"
CA00702LED4,45.3,-73.35,44.0,"L ACADIE, QC CA",166,141,258,",,C",",,C",",,C"
CA00702S006,45.4667,-73.75,32.0,"MONTREAL PIERRE ELLIOTT TRUDEA, QC CA",152,156,269,",,C",",,C",",,C"
CA007031315,45.6833,-76.4333,168.0,"CHARTERIS, QC CA",36,129,224,",,C",",,C",",,C"
CA007031360,45.5167,-75.7833,113.0,"CHELSEA, QC CA",528,152,251,",,C",",,C",",,C"
CA007031375,45.9,-75.0833,223.0,"CHENEVILLE, QC CA",390,,,",,C",,
CA007033650,45.65,-74.3333,91.0,"LACHUTE, QC CA",174,155,257,",,C",",,C",",,C"
CA007033939,46.3667,-74.7667,244.0,"LA MACAZA, QC CA",228,120,196,",,C",",,C",",,C"
CA007034365,45.5333,-76.05,69.0,"LUSKVILLE, QC CA",248,140,224,",,C",",,C",",,C"
CA007034482,46.2667,-76.0,200.0,"MANIWAKI AIRPORT, QC CA",47,139,201,",,C",",,C",",,C"
CA007037310,45.9833,-74.0,366.0,"ST HIPPOLYTE, QC CA",188,141,245,",,C",",,C",",,C"
CA007037400,45.8,-74.05,170.0,"ST JEROME, QC CA",170,149,253,",,C",",,C",",,C"
CA007038975,46.0667,-76.05,142.0,"WRIGHT, QC CA",28,143,218,",,C",",,C",",,C"
CA00703GDKB,46.0833,-74.55,239.0,"ST JOVITE, QC CA",180,124,188,",,C",",,C",",,C"
CA007040442,49.1333,-68.2,22.0,"BAIE COMEAU A, QC CA",0,132,177,",,C",",,C",",,C"
CA007041312,47.2833,-70.6333,723.0,"CHARLEVOIX MRC, QC CA",169,92,206,",,C",",,C",",,C"
CA007041382,50.4667,-59.6333,8.0,"CHEVERY, QC CA",20,125,171,",,C",",,C",",,C"
CA007041JG6,47.0833,-70.7833,6.0,"CAP TOURMENTE, QC CA",143,141,223,",,C",",,C",",,C"
CA007042395,47.3167,-71.15,673.0,"FORET MONTMORENCY RCS, QC CA",208,52,226,",,C",",,C",",,C"
CA007043019,50.2833,-63.6167,38.0,"HAVRE ST. PIERRE, QC CA",0,108,180,",,C",",,C",",,C"
CA007043BP9,48.0667,-69.55,6.0,"ILE ROUGE, QC CA",66,91,164,",,C",",,C",",,C"
CA007044328,50.2667,-64.2333,11.0,"LONGUE POINTE DE MINGAN, QC CA",59,121,188,",,C",",,C",",,C"
CA007045398,50.1833,-61.7833,12.0,"NATASHQUAN, QC CA",66,106,163,",,C",",,C",",,C"
CA007045401,50.1833,-61.8,11.0,"NATASHQUAN A, QC CA",84,107,161,",,C",",,C",",,C"
CA007047914,50.2167,-66.25,53.0,"SEPT ILES, QC CA",20,101,193,",,C",",,C",",,C"
CA00704F0PN,49.3167,-67.3833,6.0,"POINTE DES MONTS, QC CA",156,134,168,",,C",",,C",",,C"
CA00704FEG0,50.2833,-64.7833,15.0,"RIVIERE AU TONNERRE, QC CA",6,130,190,",,C",",,C",",,C"
CA00704Q003,50.1667,-66.4333,24.0,"POINTE NOIRE CS, QC CA",2,122,182,",,C",",,C",",,C"
CA00704S001,49.2667,-68.15,130.0,"BAIE COMEAU, QC CA",12,125,170,",,C",",,C",",,C"
CA007051055,48.85,-64.2,15.0,"CAP DES ROSIERS, QC CA",50,118,150,",,C",",,C",",,C"
CA007051163,49.25,-65.3167,29.0,"CAP MADELEINE, QC CA",46,106,150,",,C",",,C",",,C"
CA007053KGR,47.4333,-61.7667,8.0,"ILES DE LA MADELEINE, QC CA",6,155,187,",,C",",,C",",,C"
CA007054096,47.35,-70.0333,31.0,"LA POCATIERE, QC CA",109,120,219,",,C",",,C",",,C"
CA007055121,48.6167,-68.2,52.0,"MONT JOLI A, QC CA",14,116,176,",,C",",,C",",,C"
CA007055422,48.0167,-65.3333,46.0,"NEW CARLISLE 1, QC CA",5,142,209,",,C",",,C",",,C"
CA007056068,48.5167,-68.4667,5.0,"POINTE AU PERE INRS, QC CA",3,99,161,",,C",",,C",",,C"
CA007056202,49.8333,-64.3,55.0,"PORT MENIER, QC CA",59,109,163,",,C",",,C",",,C"
CA007056616,47.8,-69.55,147.0,"RIVIERE DU LOUP, QC CA",75,112,198,",,C",",,C",",,C"
CA007056930,46.4833,-70.2167,396.0,"ST CAMILLE, QC CA",166,87,248,",,C",",,C",",,C"
CA007057515,46.7333,-70.0167,373.0,"STE LUCIE, QC CA",140,80,245,",,C",",,C",",,C"
CA007057567,46.8667,-70.8833,69.0,"SAINT MICHEL, QC CA",258,122,240,",,C",",,C",",,C"
CA00705S002,49.1167,-66.65,5.0,"CAP CHAT, QC CA",0,84,156,",,C",",,C",",,C"
CA007060400,48.3333,-71.0,159.0,"BAGOTVILLE A, QC CA",170,88,228,",,C",",,C",",,C"
CA007061541,49.8333,-71.1667,398.0,"CHUTE DES PASSES, QC CA",205,,,",,C",,
CA007063370,48.4333,-71.15,136.0,"JONQUIERE, QC CA",129,114,239,",,C",",,C",",,C"
CA007065012,48.6,-71.7167,113.0,"MISTOOK, QC CA",245,97,256,",,C",",,C",",,C"
CA007065639,48.85,-72.55,137.0,"NORMANDIN, QC CA",75,100,223,",,C",",,C",",,C"
CA007065738,48.9,-71.0333,304.0,"ONATCHIWAY, QC CA",140,92,253,",,C",",,C",",,C"
CA007066820,48.5667,-71.3333,122.0,"ST AMBROISE, QC CA",306,81,245,",,C",",,C",",,C"
CA007067658,48.6167,-72.4167,122.0,"ST PRIME, QC CA",74,108,230,",,C",",,C",",,C"
CA00706I001,51.5333,-71.1167,549.0,"LAC BENOIT, QC CA",66,41,226,",,C",",,C",",,C"
CA00706Q001,48.3,-70.9167,152.0,"LA BAIE, QC CA",100,90,220,",,C",",,C",",,C"
CA007075800,47.9167,-74.6167,445.0,"PARENT, QC CA",3,125,200,",,C",",,C",",,C"
CA007077570,46.6833,-73.9167,351.0,"ST MICHEL DES SAINTS, QC CA",76,123,198,",,C",",,C",",,C"
CA00707DBD4,47.4167,-72.7833,169.0,"LA TUQUE, QC CA",92,130,245,",,C",",,C",",,C"
CA007080468,46.7167,-79.1,181.0,"BARRAGE TEMISCAMINGUE, QC CA",7,144,241,",,C",",,C",",,C"
CA007085106,48.4167,-78.7333,305.0,"MONT BRUN, QC CA",8,96,219,",,C",",,C",",,C"
CA007091299,49.8167,-74.9833,381.0,"CHAPAIS, QC CA",14,137,239,",,C",",,C",",,C"
CA007093714,53.75,-73.6833,306.0,"LA GRANDE 4, QC CA",2,109,197,",,C",",,C",",,C"
CA007093716,53.6333,-77.7,195.0,"LA GRANDE RIVIERE A, QC CA",123,133,181,",,C",",,C",",,C"
CA007094637,49.75,-77.8,281.0,"MATAGAMI A, QC CA",215,115,227,",,C",",,C",",,C"
CA007098603,48.05,-77.7833,336.0,"VAL D OR A, QC CA",179,123,235,",,C",",,C",",,C"
CA007098605,48.05,-77.7833,337.0,"VAL D OR, QC CA",215,126,241,",,C",",,C",",,C"
CA00709CEE9,48.8,-78.2833,305.0,"LAC BERRY, QC CA",30,90,230,",,C",",,C",",,C"
CA007117823,54.8,-66.8,521.0,"SCHEFFERVILLE, QC CA",18,117,173,",,C",",,C",",,C"
CA008100300,46.7167,-67.7167,80.0,"AROOSTOOK, NB CA",132,160,255,",,C",",,C",",,C"
CA008100467,47.8,-64.8333,5.0,"BAS CARAQUET, NB CA",17,121,196,",,C",",,C",",,C"
CA008100468,47.8,-64.8667,11.0,"BAS CARAQUET, NB CA",6,,,",,C",,
CA008100885,47.9833,-66.3333,42.0,"CHARLO AUTO, NB CA",0,148,219,",,C",",,C",",,C"
CA008100989,47.0167,-65.4667,33.0,"MIRAMICHI RCS, NB CA",0,144,221,",,C",",,C",",,C"
CA008101605,45.9167,-66.6167,35.0,"FREDERICTON CDA CS, NB CA",0,168,260,",,C",",,C",",,C"
CA008101746,45.6,-64.95,43.0,"FUNDY PARK ALMA CS, NB CA",0,146,253,",,C",",,C",",,C"
CA008101925,44.7167,-66.8,78.0,"GRAND MANAN SAR CS, NB CA",0,135,250,",,C",",,C",",,C"
CA008102536,45.95,-66.9,110.0,"MACTAQUAC PROV PARK, NB CA",0,120,255,",,C",",,C",",,C"
CA008102848,45.7,-65.1667,403.0,"MECHANIC SETTLEMENT, NB CA",0,140,222,",,C",",,C",",,C"
CA008103050,48.0167,-64.5,4.0,"MISCOU ISLAND AUT, NB CA",12,152,177,",,C",",,C",",,C"
CA008103201,46.1167,-64.6833,71.0,"MONCTON INTERNATIONAL A, NB CA",0,133,238,",,C",",,C",",,C"
CA008103780,45.5,-66.1,11.0,"OAK POINT NB, NB CA",271,175,265,",,C",",,C",",,C"
CA008104201,45.0667,-66.45,6.0,"POINT LEPREAU CS, NB CA",0,144,228,",,C",",,C",",,C"
CA008104295,47.4333,-65.6,124.0,"RED PINES, NB CA",0,139,209,",,C",",,C",",,C"
CA008104901,45.3167,-65.8833,109.0,"SAINT JOHN A, NB CA",0,151,265,",,C",",,C",",,C"
CA008104935,45.2167,-67.25,26.0,"ST. STEPHEN, NB CA",0,124,280,",,C",",,C",",,C"
CA008200255,43.45,-65.4667,5.0,"BACCARO PT, NS CA",0,123,189,",,C",",,C",",,C"
CA008200604,44.2833,-66.35,16.0,"BRIER ISLAND, NS CA",5,130,225,",,C",",,C",",,C"
CA008200774,45.7667,-62.6833,2.0,"CARIBOU POINT AUT, NS CA",0,148,193,",,C",",,C",",,C"
CA008201390,45.4167,-63.4667,38.0,"DEBERT, NS CA",0,128,207,",,C",",,C",",,C"
CA008201780,45.9167,-60.65,28.0,"ESKASONI FIRST NATION AUTOMATI, NS CA",0,158,210,",,C",",,C",",,C"
CA008202000,44.9833,-64.9167,28.0,"GREENWOOD A, NS CA",0,144,249,",,C",",,C",",,C"
CA008202251,44.8833,-63.5167,145.0,"HALIFAX INTERNATIONAL A, NS CA",0,157,238,",,C",",,C",",,C"
CA008202502,46.6667,-60.4,10.0,"INGONISH BEACH RCS, NS CA",10,172,230,",,C",",,C",",,C"
CA008202592,44.4,-65.2,125.0,"KEJIMKUJIK 1, NS CA",0,145,252,",,C",",,C",",,C"
CA008202810,45.0667,-64.4833,49.0,"KENTVILLE CDA CS, NS CA",0,150,239,",,C",",,C",",,C"
CA008202896,44.7167,-63.4833,63.0,"LAKE MAJOR, NS CA",0,,,"T,,C",,
CA008203405,44.9833,-62.4833,40.0,"MALAY FALLS, NS CA",0,120,236,",,C",",,C",",,C"
CA008203702,45.7667,-64.2333,20.0,"NAPPAN AUTO, NS CA",0,134,232,",,C",",,C",",,C"
CA008204161,46.8167,-60.6667,439.0,"NORTH MOUNTAIN CS, NS CA",168,136,168,",,C",",,C",",,C"
CA008204193,45.2333,-63.05,24.0,"UPPER STEWIACKE RCS, NS CA",0,124,229,",,C",",,C",",,C"
CA008204402,45.4167,-64.35,31.0,"PARRSBORO, NS CA",0,117,217,",,C",",,C",",,C"
CA008204453,44.7667,-63.8333,165.0,"POCKWOCK LAKE, NS CA",0,155,250,",,C",",,C",",,C"
CA008204495,45.65,-61.3667,115.0,"PORT HAWKESBURY, NS CA",0,150,200,",,C",",,C",",,C"
CA008205092,44.6333,-63.5167,24.0,"SHEARWATER RCS, NS CA",0,159,262,",,C",",,C",",,C"
CA008205702,46.1667,-60.05,63.0,"SYDNEY CS, NS CA",0,153,212,",,C",",,C",",,C"
CA008205895,45.6167,-61.6833,67.0,"TRACADIE, NS CA",0,126,200,",,C",",,C",",,C"
CA008206240,43.9833,-64.6667,10.0,"WESTERN HEAD, NS CA",0,125,270,",,C",",,C",",,C"
CA008206495,43.8333,-66.0833,43.0,"YARMOUTH A, NS CA",0,142,227,",,C",",,C",",,C"
CA008300301,46.2833,-63.1167,49.0,"CHARLOTTETOWN A, PE CA",0,142,194,"T,,C",",,C",",,C"
CA008300418,46.4667,-61.9833,8.0,"EAST POINT AUT, PE CA",0,155,200,",,C",",,C",",,C"
CA008300516,47.05,-64.0,8.0,"NORTH CAPE, PE CA",2,146,171,",,C",",,C",",,C"
CA008300562,46.45,-62.5833,30.0,"ST. PETERS, PE CA",0,148,194,",,C",",,C",",,C"
CA008300590,46.4167,-63.0833,3.0,"STANHOPE, PE CA",0,151,194,",,C",",,C",",,C"
CA008300596,46.4333,-63.8333,12.0,"SUMMERSIDE, PE CA",2,146,211,",,C",",,C",",,C"
CA00830P001,46.35,-63.1667,53.0,"HARRINGTON CDA CS, PE CA",0,142,189,",,C",",,C",",,C"
CA008400104,47.3,-54.0,19.0,"ARGENTIA AUT, NL CA",32,130,191,",,C",",,C",",,C"
CA008400301,48.9667,-56.0667,103.0,"BADGER AUT, NL CA",274,113,152,",,C",",,C",",,C"
CA008400601,48.6667,-53.1167,26.0,"BONAVISTA, NL CA",33,122,159,",,C",",,C",",,C"
CA008400801,47.6167,-57.6167,11.0,"BURGEO NL, NL CA",88,146,196,",,C",",,C",",,C"
CA008400812,48.1667,-57.3333,299.0,"BURNT POND, NL CA",160,100,190,",,C",",,C",",,C"
CA008401000,46.6667,-53.0833,27.0,"CAPE RACE AUT, NL CA",18,132,163,",,C",",,C",",,C"
CA008401295,49.3167,-57.4,166.0,"CORMACK RCS, NL CA",79,103,143,",,C",",,C",",,C"
CA008401300,48.95,-57.95,5.0,"CORNER BROOK, NL CA",50,135,195,",,C",",,C",",,C"
CA008401500,49.1667,-57.4333,11.0,"DEER LAKE, NL CA",60,,175,",,C",,",,C"
CA008401502,49.2167,-57.4,22.0,"DEER LAKE A, NL CA",46,115,161,",,C",",,C",",,C"
CA008401538,50.7167,-56.1167,30.0,"ENGLEE AUT, NL CA",27,122,134,",,C",",,C",",,C"
CA008401565,51.0167,-57.1,6.0,"FEROLLE POINT AUT, NL CA",5,124,159,",,C",",,C",",,C"
CA008401703,48.9333,-54.5667,151.0,"GANDER INTERNATIONAL A, NL CA",62,112,171,",,C",",,C",",,C"
CA008401705,48.95,-54.5667,151.0,"GANDER AIRPORT CS, NL CA",60,112,171,",,C",",,C",",,C"
CA008402520,49.9167,-55.6667,194.0,"LA SCIE, NL CA",186,108,118,",,C",",,C",",,C"
CA008402544,48.35,-53.9,15.0,"LETHBRIDGE, NL CA",30,120,180,",,C",",,C",",,C"
CA008402757,48.8167,-56.55,204.0,"MILLERTOWN RCS, NL CA",169,110,149,",,C",",,C",",,C"
CA008403399,51.3833,-56.1,29.0,"ST ANTHONY, NL CA",27,119,132,",,C",",,C",",,C"
CA008403505,47.6167,-52.75,141.0,"ST. JOHN S INTERNATIONAL A, NL CA",148,113,203,",,C",",,C",",,C"
CA008403603,47.5167,-52.7833,110.0,"ST JOHNS WEST CLIMATE, NL CA",107,117,204,",,C",",,C",",,C"
CA008403619,46.9167,-55.3833,49.0,"ST LAWRENCE, NL CA",77,137,184,",,C",",,C",",,C"
CA008403820,48.5667,-58.5667,58.0,"STEPHENVILLE RCS, NL CA",36,139,175,",,C",",,C",",,C"
CA008403851,48.55,-53.9667,107.0,"TERRA NOVA NAT PARK CS, NL CA",58,107,161,",,C",",,C",",,C"
CA008404025,49.6833,-54.8,92.0,"TWILLINGATE AUT, NL CA",203,107,130,",,C",",,C",",,C"
CA008404343,47.7167,-59.3167,32.0,"WRECKHOUSE, NL CA",61,150,213,",,C",",,C",",,C"
CA008501131,53.5667,-64.1,440.0,"CHURCHILL FALLS, NL CA",4,105,178,",,C",",,C",",,C"
CA008501900,53.3167,-60.4167,49.0,"GOOSE A, NL CA",2,119,176,",,C",",,C",",,C"
